,anomaly_type,type,is_clustered,ready,pre_script_start,pre_script_end,submit,stage_in_start,stage_in_end,stage_in_effective_bytes_per_sec,execute_start,execute_end,stage_out_start,stage_out_end,stage_out_effective_bytes_per_sec,post_script_start,post_script_end,wms_delay,pre_script_delay,queue_delay,runtime,post_script_delay,stage_in_delay,stage_in_bytes,stage_out_delay,stage_out_bytes,kickstart_user,kickstart_site,kickstart_hostname,kickstart_transformations,kickstart_executables,kickstart_executables_argv,kickstart_executables_cpu_time,kickstart_status,kickstart_executables_exitcode,kickstart_online_iowait,kickstart_online_bytes_read,kickstart_online_bytes_written,kickstart_online_read_system_calls,kickstart_online_write_system_calls,kickstart_online_utime,kickstart_online_stime,kickstart_online_bytes_read_per_second,kickstart_online_bytes_written_per_second
create_dir_casa-wind-full_0_condorpool,None,auxiliary,0,1694462175.0,,,1694462176.0,,,0.0,1694462179.0,1694462186.0,,,0.0,1694462186.0,1694462191.0,1.0,,3.0,7.0,5.0,,,,,poseidon,local,poseidon-submit,pegasus::dirmanager,/mnt/poseidon-data/poseidon/pegasus-5.1.0panorama/bin/pegasus-transfer,pegasus-kickstart  -n pegasus::dirmanager -N null -i - -R local  -L casa-wind-full -T 2023-09-08T07:29:05+00:00 pegasus-transfer,0.2,0,0,,,,,,,,,
unzip_ID0000006,None,compute,0,1694462191.0,,,1694462196.0,1694462206.0,1694462215.0,24878820.0,1694462205.0,1694462257.0,1694462229.0,1694462246.0,29621949.0,1694462257.0,1694462262.0,5.0,,9.0,52.0,5.0,9.0,222753803.0,17.0,501616588.0,poseidon,condorpool,poseidon-worker-1-container-32-35,unzip,/usr/bin/gunzip,,3.9,0,0,,,,,,,,,
unzip_ID0000106,None,compute,0,1694462191.0,,,1694462196.0,1694462205.0,1694462213.0,29138967.0,1694462203.0,1694462251.0,1694462227.0,1694462244.0,28314196.0,1694462251.0,1694462257.0,5.0,,7.0,48.0,6.0,8.0,241199298.0,17.0,501821816.0,poseidon,condorpool,poseidon-worker-1-container-44-47,unzip,/usr/bin/gunzip,,4.1,0,0,,,,,,,,,
unzip_ID0000046,None,compute,0,1694462191.0,,,1694462196.0,1694462204.0,1694462210.0,35107219.0,1694462202.0,1694462241.0,1694462223.0,1694462232.0,53306075.0,1694462241.0,1694462246.0,5.0,,6.0,39.0,5.0,6.0,229692821.0,9.0,523855228.0,poseidon,condorpool,poseidon-worker-2-container-0-3,unzip,/usr/bin/gunzip,,4.0,0,0,,,,,,,,,
unzip_ID0000101,None,compute,0,1694462191.0,,,1694462196.0,1694462203.0,1694462212.0,27345183.0,1694462201.0,1694462251.0,1694462225.0,1694462244.0,30333191.0,1694462251.0,1694462257.0,5.0,,5.0,50.0,6.0,9.0,250988249.0,19.0,561551644.0,poseidon,condorpool,poseidon-worker-2-container-4-7,unzip,/usr/bin/gunzip,,4.4,0,0,,,,,,,,,
unzip_ID0000026,None,compute,0,1694462191.0,,,1694462196.0,1694462204.0,1694462212.0,28979800.0,1694462202.0,1694462241.0,1694462225.0,1694462236.0,46052492.0,1694462241.0,1694462246.0,5.0,,6.0,39.0,5.0,8.0,227963832.0,11.0,523917888.0,poseidon,condorpool,poseidon-worker-2-container-8-11,unzip,/usr/bin/gunzip,,4.0,0,0,,,,,,,,,
unzip_ID0000126,None,compute,0,1694462191.0,,,1694462196.0,1694462203.0,1694462212.0,28786027.0,1694462202.0,1694462246.0,1694462224.0,1694462239.0,35914304.0,1694462246.0,1694462251.0,5.0,,6.0,44.0,5.0,9.0,249343892.0,15.0,520618424.0,poseidon,condorpool,poseidon-worker-1-container-4-7,unzip,/usr/bin/gunzip,,4.2,0,0,,,,,,,,,
unzip_ID0000031,None,compute,0,1694462191.0,,,1694462196.0,1694462203.0,1694462211.0,30075927.0,1694462201.0,1694462241.0,1694462224.0,1694462235.0,49186866.0,1694462241.0,1694462246.0,5.0,,5.0,40.0,5.0,8.0,237517035.0,11.0,539438752.0,poseidon,condorpool,poseidon-worker-2-container-20-23,unzip,/usr/bin/gunzip,,4.1,0,0,,,,,,,,,
unzip_ID0000076,cpu_3,compute,0,1694462191.0,,,1694462196.0,1694462203.0,1694462211.0,29369789.0,1694462201.0,1694462251.0,1694462224.0,1694462241.0,30154772.0,1694462251.0,1694462257.0,5.0,,5.0,50.0,6.0,8.0,233747923.0,17.0,523942844.0,poseidon,condorpool,poseidon-worker-2-container-12-15,unzip,/usr/bin/gunzip,,4.1,0,0,,,,,,,,,
unzip_ID0000011,None,compute,0,1694462191.0,,,1694462196.0,1694462203.0,1694462212.0,26756795.0,1694462201.0,1694462257.0,1694462226.0,1694462251.0,22847117.0,1694462257.0,1694462262.0,5.0,,5.0,56.0,5.0,9.0,235998389.0,25.0,565205920.0,poseidon,condorpool,poseidon-worker-1-container-0-3,unzip,/usr/bin/gunzip,,4.3,0,0,,,,,,,,,
unzip_ID0000056,None,compute,0,1694462191.0,,,1694462196.0,1694462202.0,1694462211.0,26117545.0,1694462201.0,1694462251.0,1694462224.0,1694462241.0,32108721.0,1694462251.0,1694462257.0,5.0,,5.0,50.0,6.0,9.0,232139969.0,17.0,528026776.0,poseidon,condorpool,poseidon-worker-2-container-24-27,unzip,/usr/bin/gunzip,,4.1,0,0,,,,,,,,,
unzip_ID0000071,None,compute,0,1694462191.0,,,1694462196.0,1694462203.0,1694462213.0,25285801.0,1694462201.0,1694462251.0,1694462227.0,1694462246.0,28228083.0,1694462251.0,1694462257.0,5.0,,5.0,50.0,6.0,10.0,240896692.0,19.0,539506600.0,poseidon,condorpool,poseidon-worker-1-container-8-11,unzip,/usr/bin/gunzip,,4.2,0,0,,,,,,,,,
unzip_ID0000051,None,compute,0,1694462191.0,,,1694462196.0,1694462203.0,1694462209.0,36037129.0,1694462201.0,1694462241.0,1694462222.0,1694462232.0,56061411.0,1694462241.0,1694462246.0,5.0,,5.0,40.0,5.0,6.0,239630266.0,10.0,544301296.0,poseidon,condorpool,poseidon-worker-2-container-32-35,unzip,/usr/bin/gunzip,,4.1,0,0,,,,,,,,,
unzip_ID0000111,None,compute,0,1694462191.0,,,1694462196.0,1694462203.0,1694462213.0,25423540.0,1694462201.0,1694462262.0,1694462226.0,1694462251.0,22524880.0,1694462262.0,1694462267.0,5.0,,5.0,61.0,5.0,10.0,256320311.0,25.0,567950764.0,poseidon,condorpool,poseidon-worker-2-container-16-19,unzip,/usr/bin/gunzip,,4.4,0,0,,,,,,,,,
unzip_ID0000091,None,compute,0,1694462191.0,,,1694462196.0,1694462202.0,1694462211.0,28865138.0,1694462201.0,1694462241.0,1694462224.0,1694462235.0,46749655.0,1694462241.0,1694462246.0,5.0,,5.0,40.0,5.0,9.0,246447087.0,11.0,539109992.0,poseidon,condorpool,poseidon-worker-1-container-12-15,unzip,/usr/bin/gunzip,,4.2,0,0,,,,,,,,,
unzip_ID0000081,None,compute,0,1694462191.0,,,1694462196.0,1694462203.0,1694462211.0,30239052.0,1694462201.0,1694462251.0,1694462224.0,1694462244.0,27631831.0,1694462251.0,1694462257.0,5.0,,5.0,50.0,6.0,8.0,245619741.0,20.0,543190672.0,poseidon,condorpool,poseidon-worker-1-container-44-47,unzip,/usr/bin/gunzip,,4.2,0,0,,,,,,,,,
unzip_ID0000041,cpu_3,compute,0,1694462191.0,,,1694462196.0,1694462203.0,1694462212.0,25484514.0,1694462201.0,1694462251.0,1694462226.0,1694462244.0,30051902.0,1694462251.0,1694462257.0,5.0,,5.0,50.0,6.0,9.0,238944758.0,18.0,540768928.0,poseidon,condorpool,poseidon-worker-2-container-36-39,unzip,/usr/bin/gunzip,,4.2,0,0,,,,,,,,,
unzip_ID0000061,None,compute,0,1694462191.0,,,1694462196.0,1694462202.0,1694462212.0,24146812.0,1694462201.0,1694462251.0,1694462226.0,1694462244.0,29358764.0,1694462251.0,1694462257.0,5.0,,5.0,50.0,6.0,10.0,240463185.0,18.0,541945820.0,poseidon,condorpool,poseidon-worker-2-container-40-43,unzip,/usr/bin/gunzip,,4.2,0,0,,,,,,,,,
unzip_ID0000096,None,compute,0,1694462191.0,,,1694462196.0,1694462203.0,1694462210.0,35961814.0,1694462201.0,1694462246.0,1694462224.0,1694462236.0,42665037.0,1694462246.0,1694462251.0,5.0,,5.0,45.0,5.0,7.0,240753402.0,12.0,524013876.0,poseidon,condorpool,poseidon-worker-1-container-36-39,unzip,/usr/bin/gunzip,,4.1,0,0,,,,,,,,,
unzip_ID0000121,None,compute,0,1694462191.0,,,1694462196.0,1694462203.0,1694462212.0,28841124.0,1694462202.0,1694462251.0,1694462225.0,1694462244.0,28945412.0,1694462251.0,1694462257.0,5.0,,6.0,49.0,6.0,9.0,250860096.0,19.0,550782944.0,poseidon,condorpool,poseidon-worker-2-container-44-47,unzip,/usr/bin/gunzip,,4.3,0,0,,,,,,,,,
unzip_ID0000066,None,compute,0,1694462191.0,,,1694462196.0,1694462202.0,1694462211.0,26461790.0,1694462201.0,1694462246.0,1694462224.0,1694462239.0,34077579.0,1694462246.0,1694462251.0,5.0,,5.0,45.0,5.0,9.0,232031705.0,15.0,523661496.0,poseidon,condorpool,poseidon-worker-1-container-24-27,unzip,/usr/bin/gunzip,,4.1,0,0,,,,,,,,,
unzip_ID0000001,None,compute,0,1694462191.0,,,1694462196.0,1694462203.0,1694462212.0,25227308.0,1694462201.0,1694462251.0,1694462227.0,1694462245.0,29955759.0,1694462251.0,1694462257.0,5.0,,5.0,50.0,6.0,9.0,232473216.0,18.0,561354992.0,poseidon,condorpool,poseidon-worker-1-container-40-43,unzip,/usr/bin/gunzip,,4.2,0,0,,,,,,,,,
unzip_ID0000086,None,compute,0,1694462191.0,,,1694462196.0,1694462203.0,1694462211.0,28639966.0,1694462201.0,1694462241.0,1694462224.0,1694462235.0,47192233.0,1694462241.0,1694462246.0,5.0,,5.0,40.0,5.0,8.0,234836668.0,11.0,518838800.0,poseidon,condorpool,poseidon-worker-1-container-20-23,unzip,/usr/bin/gunzip,,4.1,0,0,,,,,,,,,
unzip_ID0000016,None,compute,0,1694462191.0,,,1694462196.0,1694462203.0,1694462212.0,24395833.0,1694462201.0,1694462257.0,1694462226.0,1694462250.0,21490531.0,1694462257.0,1694462262.0,5.0,,5.0,56.0,5.0,9.0,225238888.0,24.0,523826084.0,poseidon,condorpool,poseidon-worker-1-container-28-31,unzip,/usr/bin/gunzip,,4.0,0,0,,,,,,,,,
unzip_ID0000036,None,compute,0,1694462191.0,,,1694462196.0,1694462203.0,1694462211.0,29384304.0,1694462201.0,1694462241.0,1694462224.0,1694462235.0,49156078.0,1694462241.0,1694462246.0,5.0,,5.0,40.0,5.0,8.0,232020704.0,11.0,526952240.0,poseidon,condorpool,poseidon-worker-1-container-16-19,unzip,/usr/bin/gunzip,,4.1,0,0,,,,,,,,,
unzip_ID0000116,None,compute,0,1694462191.0,,,1694462196.0,1694462203.0,1694462209.0,36582256.0,1694462201.0,1694462241.0,1694462222.0,1694462231.0,57498206.0,1694462241.0,1694462246.0,5.0,,5.0,40.0,5.0,6.0,249255741.0,9.0,520850676.0,poseidon,condorpool,poseidon-worker-2-container-28-31,unzip,/usr/bin/gunzip,,4.1,0,0,,,,,,,,,
unzip_ID0000021,None,compute,0,1694462191.0,,,1694462196.0,1694462203.0,1694462212.0,25167947.0,1694462201.0,1694462251.0,1694462225.0,1694462243.0,30245020.0,1694462251.0,1694462257.0,5.0,,5.0,50.0,6.0,9.0,235136662.0,18.0,539178100.0,poseidon,condorpool,poseidon-worker-1-container-32-35,unzip,/usr/bin/gunzip,,4.1,0,0,,,,,,,,,
um_vel_ID0000037,None,compute,0,1694462246.0,,,1694462251.0,1694462254.0,1694462272.0,56358586.1,1694462252.0,1694462292.0,1694462281.0,1694462284.0,168932.0,1694462292.0,1694462297.0,5.0,,1.0,40.0,5.0,18.0,703538992.0,3.0,556900.0,poseidon,condorpool,poseidon-worker-1-container-40-43,um_vel,/opt/UM_VEL/UM_VEL,,1.8,0,0,,,,,,,,,
um_vel_ID0000047,None,compute,0,1694462246.0,,,1694462251.0,1694462254.0,1694462278.0,38759010.9,1694462252.0,1694462297.0,1694462287.0,1694462290.0,177083.0,1694462297.0,1694462303.0,5.0,,1.0,45.0,6.0,24.0,700441980.0,3.0,556900.0,poseidon,condorpool,poseidon-worker-1-container-20-23,um_vel,/opt/UM_VEL/UM_VEL,,1.7,0,0,,,,,,,,,
um_vel_ID0000027,None,compute,0,1694462246.0,,,1694462251.0,1694462254.0,1694462272.0,54919353.2,1694462252.0,1694462292.0,1694462281.0,1694462285.0,170412.0,1694462292.0,1694462297.0,5.0,,1.0,40.0,5.0,18.0,700504640.0,4.0,556900.0,poseidon,condorpool,poseidon-worker-2-container-32-35,um_vel,/opt/UM_VEL/UM_VEL,,1.7,0,0,,,,,,,,,
um_vel_ID0000032,None,compute,0,1694462246.0,,,1694462251.0,1694462254.0,1694462277.0,42193202.8,1694462252.0,1694462297.0,1694462286.0,1694462289.0,178240.0,1694462297.0,1694462303.0,5.0,,1.0,45.0,6.0,23.0,716025504.0,3.0,556900.0,poseidon,condorpool,poseidon-worker-1-container-12-15,um_vel,/opt/UM_VEL/UM_VEL,,1.7,0,0,,,,,,,,,
um_vel_ID0000092,None,compute,0,1694462246.0,,,1694462251.0,1694462254.0,1694462273.0,52638492.8,1694462252.0,1694462292.0,1694462282.0,1694462285.0,176067.0,1694462292.0,1694462297.0,5.0,,1.0,40.0,5.0,19.0,715696744.0,3.0,556900.0,poseidon,condorpool,poseidon-worker-2-container-8-11,um_vel,/opt/UM_VEL/UM_VEL,,1.7,0,0,,,,,,,,,
um_vel_ID0000117,None,compute,0,1694462246.0,,,1694462251.0,1694462254.0,1694462275.0,45686176.6,1694462252.0,1694462292.0,1694462283.0,1694462287.0,174841.0,1694462292.0,1694462297.0,5.0,,1.0,40.0,5.0,21.0,697437428.0,4.0,556900.0,poseidon,condorpool,poseidon-worker-1-container-36-39,um_vel,/opt/UM_VEL/UM_VEL,,1.7,0,0,,,,,,,,,
um_vel_ID0000087,cpu_3,compute,0,1694462246.0,,,1694462251.0,1694462254.0,1694462276.0,42289333.8,1694462252.0,1694462297.0,1694462285.0,1694462288.0,179224.0,1694462297.0,1694462303.0,5.0,,1.0,45.0,6.0,22.0,695425552.0,3.0,556900.0,poseidon,condorpool,poseidon-worker-2-container-36-39,um_vel,/opt/UM_VEL/UM_VEL,,1.7,0,0,,,,,,,,,
um_vel_ID0000052,None,compute,0,1694462246.0,,,1694462251.0,1694462254.0,1694462274.0,49279412.1,1694462252.0,1694462292.0,1694462283.0,1694462286.0,174142.0,1694462292.0,1694462297.0,5.0,,1.0,40.0,5.0,20.0,720888048.0,3.0,556900.0,poseidon,condorpool,poseidon-worker-2-container-20-23,um_vel,/opt/UM_VEL/UM_VEL,,1.8,0,0,,,,,,,,,
um_vel_ID0000067,None,compute,0,1694462251.0,,,1694462257.0,1694462259.0,1694462278.0,53848829.5,1694462258.0,1694462297.0,1694462287.0,1694462290.0,175075.0,1694462297.0,1694462303.0,6.0,,1.0,39.0,6.0,19.0,700248248.0,3.0,556900.0,poseidon,condorpool,poseidon-worker-2-container-28-31,um_vel,/opt/UM_VEL/UM_VEL,,1.7,0,0,,,,,,,,,
um_vel_ID0000097,None,compute,0,1694462251.0,,,1694462256.0,1694462260.0,1694462280.0,49506009.8,1694462258.0,1694462303.0,1694462289.0,1694462292.0,174453.0,1694462303.0,1694462308.0,5.0,,2.0,45.0,5.0,20.0,700600628.0,3.0,556900.0,poseidon,condorpool,poseidon-worker-1-container-0-3,um_vel,/opt/UM_VEL/UM_VEL,,1.8,0,0,,,,,,,,,
um_vel_ID0000127,None,compute,0,1694462251.0,,,1694462257.0,1694462260.0,1694462280.0,48093753.0,1694462258.0,1694462303.0,1694462289.0,1694462292.0,175011.0,1694462303.0,1694462308.0,6.0,,1.0,45.0,5.0,20.0,697205176.0,3.0,556900.0,poseidon,condorpool,poseidon-worker-1-container-8-11,um_vel,/opt/UM_VEL/UM_VEL,,1.7,0,0,,,,,,,,,
um_vel_ID0000042,None,compute,0,1694462257.0,,,1694462262.0,1694462265.0,1694462285.0,51967288.2,1694462263.0,1694462303.0,1694462294.0,1694462297.0,176460.0,1694462303.0,1694462308.0,5.0,,1.0,40.0,5.0,20.0,717355680.0,3.0,556900.0,poseidon,condorpool,poseidon-worker-1-container-4-7,um_vel,/opt/UM_VEL/UM_VEL,,1.7,0,0,,,,,,,,,
um_vel_ID0000122,None,compute,0,1694462257.0,,,1694462262.0,1694462265.0,1694462286.0,47903924.4,1694462263.0,1694462308.0,1694462295.0,1694462298.0,177231.0,1694462308.0,1694462314.0,5.0,,1.0,45.0,6.0,21.0,727369696.0,3.0,556900.0,poseidon,condorpool,poseidon-worker-1-container-16-19,um_vel,/opt/UM_VEL/UM_VEL,,1.7,0,0,,,,,,,,,
um_vel_ID0000002,None,compute,0,1694462257.0,,,1694462262.0,1694462265.0,1694462283.0,58375416.0,1694462263.0,1694462303.0,1694462292.0,1694462295.0,170391.0,1694462303.0,1694462308.0,5.0,,1.0,40.0,5.0,18.0,737941744.0,3.0,556900.0,poseidon,condorpool,poseidon-worker-1-container-28-31,um_vel,/opt/UM_VEL/UM_VEL,,1.7,0,0,,,,,,,,,
um_vel_ID0000022,None,compute,0,1694462257.0,,,1694462262.0,1694462265.0,1694462285.0,50752705.7,1694462264.0,1694462303.0,1694462294.0,1694462297.0,174995.0,1694462303.0,1694462308.0,5.0,,2.0,39.0,5.0,20.0,715764852.0,3.0,556900.0,poseidon,condorpool,poseidon-worker-2-container-44-47,um_vel,/opt/UM_VEL/UM_VEL,,1.7,0,0,,,,,,,,,
um_vel_ID0000072,None,compute,0,1694462257.0,,,1694462262.0,1694462265.0,1694462287.0,44469262.0,1694462263.0,1694462308.0,1694462296.0,1694462299.0,177618.0,1694462308.0,1694462314.0,5.0,,1.0,45.0,6.0,22.0,716093352.0,3.0,556900.0,poseidon,condorpool,poseidon-worker-1-container-44-47,um_vel,/opt/UM_VEL/UM_VEL,,1.7,0,0,,,,,,,,,
um_vel_ID0000057,None,compute,0,1694462257.0,,,1694462262.0,1694462265.0,1694462285.0,49515304.6,1694462264.0,1694462303.0,1694462294.0,1694462297.0,173453.0,1694462303.0,1694462308.0,5.0,,2.0,39.0,5.0,20.0,704613528.0,3.0,556900.0,poseidon,condorpool,poseidon-worker-2-container-40-43,um_vel,/opt/UM_VEL/UM_VEL,,1.7,0,0,,,,,,,,,
um_vel_ID0000107,None,compute,0,1694462257.0,,,1694462262.0,1694462265.0,1694462286.0,45677002.3,1694462264.0,1694462308.0,1694462295.0,1694462298.0,175771.0,1694462308.0,1694462314.0,5.0,,2.0,44.0,6.0,21.0,678408568.0,3.0,556900.0,poseidon,condorpool,poseidon-worker-2-container-4-7,um_vel,/opt/UM_VEL/UM_VEL,,1.6,0,0,,,,,,,,,
um_vel_ID0000077,None,compute,0,1694462257.0,,,1694462262.0,1694462265.0,1694462285.0,50407238.6,1694462263.0,1694462303.0,1694462293.0,1694462296.0,177294.0,1694462303.0,1694462308.0,5.0,,1.0,40.0,5.0,20.0,700529596.0,3.0,556900.0,poseidon,condorpool,poseidon-worker-2-container-24-27,um_vel,/opt/UM_VEL/UM_VEL,,1.8,0,0,,,,,,,,,
um_vel_ID0000062,None,compute,0,1694462257.0,,,1694462262.0,1694462265.0,1694462286.0,48223427.6,1694462263.0,1694462308.0,1694462294.0,1694462297.0,176084.0,1694462308.0,1694462314.0,5.0,,1.0,45.0,6.0,21.0,718532572.0,3.0,556900.0,poseidon,condorpool,poseidon-worker-1-container-24-27,um_vel,/opt/UM_VEL/UM_VEL,,1.7,0,0,,,,,,,,,
um_vel_ID0000082,None,compute,0,1694462257.0,,,1694462262.0,1694462265.0,1694462286.0,47318218.6,1694462263.0,1694462308.0,1694462295.0,1694462298.0,176124.0,1694462308.0,1694462314.0,5.0,,1.0,45.0,6.0,21.0,719777424.0,3.0,556900.0,poseidon,condorpool,poseidon-worker-1-container-32-35,um_vel,/opt/UM_VEL/UM_VEL,,1.7,0,0,,,,,,,,,
um_vel_ID0000102,cpu_3,compute,0,1694462257.0,,,1694462262.0,1694462265.0,1694462285.0,54930422.2,1694462264.0,1694462303.0,1694462293.0,1694462297.0,175777.0,1694462303.0,1694462308.0,5.0,,2.0,39.0,5.0,20.0,738138396.0,4.0,556900.0,poseidon,condorpool,poseidon-worker-2-container-12-15,um_vel,/opt/UM_VEL/UM_VEL,,1.8,0,0,,,,,,,,,
um_vel_ID0000007,None,compute,0,1694462262.0,,,1694462267.0,1694462274.0,1694462292.0,55444611.2,1694462272.0,1694462314.0,1694462300.0,1694462304.0,176310.0,1694462314.0,1694462319.0,5.0,,5.0,42.0,5.0,18.0,678203340.0,4.0,556900.0,poseidon,condorpool,poseidon-worker-2-container-16-19,um_vel,/opt/UM_VEL/UM_VEL,,1.6,0,0,,,,,,,,,
um_vel_ID0000017,None,compute,0,1694462262.0,,,1694462267.0,1694462270.0,1694462290.0,50650680.1,1694462269.0,1694462308.0,1694462298.0,1694462301.0,177595.0,1694462308.0,1694462314.0,5.0,,2.0,39.0,6.0,20.0,700412836.0,3.0,556900.0,poseidon,condorpool,poseidon-worker-1-container-32-35,um_vel,/opt/UM_VEL/UM_VEL,,1.7,0,0,,,,,,,,,
um_vel_ID0000012,None,compute,0,1694462262.0,,,1694462267.0,1694462270.0,1694462289.0,55740418.3,1694462269.0,1694462308.0,1694462298.0,1694462301.0,176832.0,1694462308.0,1694462314.0,5.0,,2.0,39.0,6.0,19.0,741792672.0,3.0,556900.0,poseidon,condorpool,poseidon-worker-1-container-44-47,um_vel,/opt/UM_VEL/UM_VEL,,1.8,0,0,,,,,,,,,
stage_out_local_condorpool_0_0,None,transfer,0,1694462267.0,,,1694462272.0,,,0.0,1694462274.0,1694462308.0,,,0.0,1694462308.0,1694462314.0,5.0,,2.0,34.0,6.0,,,,,poseidon,local,poseidon-submit,pegasus::transfer,/mnt/poseidon-data/poseidon/pegasus-5.1.0panorama/bin/pegasus-transfer,/home/poseidon/pegasus-5.1.0panorama/bin/../bin/pegasus-kickstart  -n pegasus::transfer -N null -i - -R local  -L casa-wind-full -T 2023-09-08T07:29:05+00:00 /home/poseidon/pegasus-5.1.0panorama/bin/../bin/pegasus-transfer  --threads 2,36.7,0,0,,,,,,,,,
stage_out_local_condorpool_0_1,None,transfer,0,1694462267.0,,,1694462272.0,,,0.0,1694462274.0,1694462308.0,,,0.0,1694462308.0,1694462314.0,5.0,,2.0,34.0,6.0,,,,,poseidon,local,poseidon-submit,pegasus::transfer,/mnt/poseidon-data/poseidon/pegasus-5.1.0panorama/bin/pegasus-transfer,/home/poseidon/pegasus-5.1.0panorama/bin/../bin/pegasus-kickstart  -n pegasus::transfer -N null -i - -R local  -L casa-wind-full -T 2023-09-08T07:29:05+00:00 /home/poseidon/pegasus-5.1.0panorama/bin/../bin/pegasus-transfer  --threads 2,35.7,0,0,,,,,,,,,
stage_out_local_condorpool_0_2,None,transfer,0,1694462267.0,,,1694462272.0,,,0.0,1694462274.0,1694462308.0,,,0.0,1694462308.0,1694462314.0,5.0,,2.0,34.0,6.0,,,,,poseidon,local,poseidon-submit,pegasus::transfer,/mnt/poseidon-data/poseidon/pegasus-5.1.0panorama/bin/pegasus-transfer,/home/poseidon/pegasus-5.1.0panorama/bin/../bin/pegasus-kickstart  -n pegasus::transfer -N null -i - -R local  -L casa-wind-full -T 2023-09-08T07:29:05+00:00 /home/poseidon/pegasus-5.1.0panorama/bin/../bin/pegasus-transfer  --threads 2,36.2,0,0,,,,,,,,,
um_vel_ID0000112,None,compute,0,1694462267.0,,,1694462272.0,1694462294.0,1694462314.0,48870713.9,1694462292.0,1694462334.0,1694462323.0,1694462326.0,178042.0,1694462334.0,1694462339.0,5.0,,20.0,42.0,5.0,20.0,744537516.0,3.0,556900.0,poseidon,condorpool,poseidon-worker-1-container-40-43,um_vel,/opt/UM_VEL/UM_VEL,,1.7,0,0,,,,,,,,,
post_vel_ID0000093,None,compute,0,1694462297.0,,,1694462303.0,1694462306.0,1694462318.0,28728913.0,1694462305.0,1694462334.0,1694462324.0,1694462327.0,4277.0,1694462334.0,1694462339.0,6.0,,2.0,29.0,5.0,12.0,177143937.0,3.0,13303.0,poseidon,condorpool,poseidon-worker-2-container-20-23,post_vel,/opt/netcdf2png/merged_netcdf2png,,0.1,0,0,,,,,,,,,
mvt_ID0000119,None,compute,0,1694462297.0,,,1694462302.0,1694462307.0,1694462318.0,34375069.0,1694462305.0,1694462374.0,1694462364.0,1694462367.0,21190.0,1694462374.0,1694462379.0,5.0,,3.0,69.0,5.0,11.0,177143652.0,3.0,65525.0,poseidon,condorpool,poseidon-worker-1-container-36-39,mvt,/opt/mvt/mvt,,40.4,0,0,0.0,795682.0,36864.0,443.0,9.0,39.8,0.2,19892.1,3686.4
mvt_ID0000094,None,compute,0,1694462297.0,,,1694462303.0,1694462306.0,1694462318.0,27978139.0,1694462305.0,1694462374.0,1694462362.0,1694462365.0,16967.0,1694462374.0,1694462379.0,6.0,,2.0,69.0,5.0,12.0,177143652.0,3.0,52407.0,poseidon,condorpool,poseidon-worker-1-container-12-15,mvt,/opt/mvt/mvt,,38.6,0,0,0.0,790514.0,28672.0,425.0,7.0,29.9,0.1,26350.5,1433.6
post_vel_ID0000118,cpu_3,compute,0,1694462297.0,,,1694462302.0,1694462305.0,1694462316.0,35086471.2,1694462304.0,1694462334.0,1694462322.0,1694462325.0,4604.0,1694462334.0,1694462339.0,5.0,,2.0,30.0,5.0,11.0,177143937.0,3.0,14402.0,poseidon,condorpool,poseidon-worker-2-container-12-15,post_vel,/opt/netcdf2png/merged_netcdf2png,,0.1,0,0,,,,,,,,,
post_vel_ID0000038,None,compute,0,1694462297.0,,,1694462303.0,1694462306.0,1694462318.0,27320997.6,1694462305.0,1694462334.0,1694462323.0,1694462326.0,3635.0,1694462334.0,1694462339.0,6.0,,2.0,29.0,5.0,12.0,177143937.0,3.0,11227.0,poseidon,condorpool,poseidon-worker-2-container-32-35,post_vel,/opt/netcdf2png/merged_netcdf2png,,0.1,0,0,,,,,,,,,
mvt_ID0000039,None,compute,0,1694462297.0,,,1694462303.0,1694462306.0,1694462318.0,32380433.4,1694462305.0,1694462374.0,1694462363.0,1694462366.0,11166.0,1694462374.0,1694462379.0,6.0,,2.0,69.0,5.0,12.0,177143652.0,3.0,34386.0,poseidon,condorpool,poseidon-worker-1-container-20-23,mvt,/opt/mvt/mvt,,40.4,0,0,0.0,797056.0,16384.0,446.0,4.0,39.9,0.1,19926.4,819.2
mvt_ID0000054,None,compute,0,1694462297.0,,,1694462303.0,1694462306.0,1694462318.0,32149922.4,1694462305.0,1694462374.0,1694462362.0,1694462365.0,9310.0,1694462374.0,1694462379.0,6.0,,2.0,69.0,5.0,12.0,177143652.0,3.0,28552.0,poseidon,condorpool,poseidon-worker-1-container-0-3,mvt,/opt/mvt/mvt,,38.6,0,0,0.0,790429.0,12288.0,425.0,3.0,29.9,0.1,26347.6,1228.8
post_vel_ID0000053,None,compute,0,1694462297.0,,,1694462303.0,1694462307.0,1694462318.0,34718477.2,1694462305.0,1694462334.0,1694462324.0,1694462327.0,3569.0,1694462334.0,1694462339.0,6.0,,2.0,29.0,5.0,11.0,177143937.0,3.0,11004.0,poseidon,condorpool,poseidon-worker-1-container-8-11,post_vel,/opt/netcdf2png/merged_netcdf2png,,0.1,0,0,,,,,,,,,
mvt_ID0000029,cpu_3,compute,0,1694462297.0,,,1694462303.0,1694462307.0,1694462318.0,34618858.4,1694462305.0,1694462394.0,1694462381.0,1694462385.0,11833.0,1694462394.0,1694462399.0,6.0,,2.0,89.0,5.0,11.0,177143652.0,4.0,38341.0,poseidon,condorpool,poseidon-worker-2-container-36-39,mvt,/opt/mvt/mvt,,39.6,0,0,0.0,797979.0,20480.0,455.0,5.0,35.3,0.2,15959.6,1024.0
post_vel_ID0000028,None,compute,0,1694462297.0,,,1694462303.0,1694462306.0,1694462318.0,31202160.8,1694462305.0,1694462334.0,1694462323.0,1694462326.0,3747.0,1694462334.0,1694462339.0,6.0,,2.0,29.0,5.0,12.0,177143937.0,3.0,11529.0,poseidon,condorpool,poseidon-worker-2-container-8-11,post_vel,/opt/netcdf2png/merged_netcdf2png,,0.1,0,0,,,,,,,,,
mvt_ID0000034,None,compute,0,1694462303.0,,,1694462308.0,1694462311.0,1694462322.0,29833421.2,1694462309.0,1694462379.0,1694462368.0,1694462371.0,10010.0,1694462379.0,1694462384.0,5.0,,1.0,70.0,5.0,11.0,177143652.0,3.0,30976.0,poseidon,condorpool,poseidon-worker-2-container-44-47,mvt,/opt/mvt/mvt,,40.0,0,0,0.0,789141.0,16384.0,422.0,4.0,29.9,0.1,26304.7,819.2
post_vel_ID0000033,None,compute,0,1694462303.0,,,1694462308.0,1694462311.0,1694462322.0,34885531.0,1694462310.0,1694462339.0,1694462328.0,1694462331.0,3730.0,1694462339.0,1694462344.0,5.0,,2.0,29.0,5.0,11.0,177143937.0,3.0,11464.0,poseidon,condorpool,poseidon-worker-2-container-24-27,post_vel,/opt/netcdf2png/merged_netcdf2png,,0.1,0,0,,,,,,,,,
post_vel_ID0000068,None,compute,0,1694462303.0,,,1694462308.0,1694462311.0,1694462322.0,29622268.0,1694462309.0,1694462339.0,1694462327.0,1694462330.0,3695.0,1694462339.0,1694462344.0,5.0,,1.0,30.0,5.0,11.0,177143937.0,3.0,11398.0,poseidon,condorpool,poseidon-worker-1-container-28-31,post_vel,/opt/netcdf2png/merged_netcdf2png,,0.1,0,0,,,,,,,,,
mvt_ID0000069,None,compute,0,1694462303.0,,,1694462308.0,1694462311.0,1694462322.0,35211235.6,1694462309.0,1694462379.0,1694462368.0,1694462371.0,11340.0,1694462379.0,1694462384.0,5.0,,1.0,70.0,5.0,11.0,177143652.0,3.0,35309.0,poseidon,condorpool,poseidon-worker-1-container-44-47,mvt,/opt/mvt/mvt,,40.4,0,0,0.0,824616.0,16384.0,506.0,4.0,39.9,0.1,20615.4,819.2
post_vel_ID0000048,None,compute,0,1694462303.0,,,1694462308.0,1694462311.0,1694462322.0,34216882.4,1694462310.0,1694462339.0,1694462328.0,1694462331.0,3351.0,1694462339.0,1694462344.0,5.0,,2.0,29.0,5.0,11.0,177143937.0,3.0,10371.0,poseidon,condorpool,poseidon-worker-1-container-4-7,post_vel,/opt/netcdf2png/merged_netcdf2png,,0.1,0,0,,,,,,,,,
post_vel_ID0000088,None,compute,0,1694462303.0,,,1694462308.0,1694462311.0,1694462322.0,33341318.8,1694462309.0,1694462339.0,1694462328.0,1694462331.0,4100.0,1694462339.0,1694462344.0,5.0,,1.0,30.0,5.0,11.0,177143937.0,3.0,12740.0,poseidon,condorpool,poseidon-worker-2-container-28-31,post_vel,/opt/netcdf2png/merged_netcdf2png,,0.1,0,0,,,,,,,,,
mvt_ID0000089,None,compute,0,1694462303.0,,,1694462308.0,1694462311.0,1694462322.0,35102120.2,1694462309.0,1694462379.0,1694462367.0,1694462370.0,15597.0,1694462379.0,1694462384.0,5.0,,1.0,70.0,5.0,11.0,177143652.0,3.0,48475.0,poseidon,condorpool,poseidon-worker-2-container-40-43,mvt,/opt/mvt/mvt,,40.0,0,0,0.0,795682.0,24576.0,443.0,6.0,39.9,0.1,19892.0,2457.6
mvt_ID0000049,None,compute,0,1694462303.0,,,1694462308.0,1694462311.0,1694462322.0,33485151.4,1694462309.0,1694462379.0,1694462367.0,1694462370.0,7754.0,1694462379.0,1694462384.0,5.0,,1.0,70.0,5.0,11.0,177143652.0,3.0,24108.0,poseidon,condorpool,poseidon-worker-2-container-4-7,mvt,/opt/mvt/mvt,,40.0,0,0,0.0,794549.0,12288.0,434.0,3.0,29.9,0.1,26485.0,1228.8
mvt_ID0000129,None,compute,0,1694462308.0,,,1694462313.0,1694462316.0,1694462327.0,33714169.6,1694462315.0,1694462384.0,1694462373.0,1694462376.0,20762.0,1694462384.0,1694462389.0,5.0,,2.0,69.0,5.0,11.0,177143652.0,3.0,64489.0,poseidon,condorpool,poseidon-worker-2-container-16-19,mvt,/opt/mvt/mvt,,40.0,0,0,0.0,797337.0,36864.0,440.0,9.0,29.9,0.1,26577.9,3686.4
mvt_ID0000104,None,compute,0,1694462308.0,,,1694462313.0,1694462335.0,1694462346.0,29628416.5,1694462333.0,1694462404.0,1694462391.0,1694462394.0,19096.0,1694462404.0,1694462409.0,5.0,,20.0,71.0,5.0,11.0,177143652.0,3.0,59590.0,poseidon,condorpool,poseidon-worker-1-container-20-23,mvt,/opt/mvt/mvt,,39.8,0,0,0.0,823512.0,32768.0,497.0,8.0,29.9,0.1,27450.4,3276.8
mvt_ID0000059,None,compute,0,1694462308.0,,,1694462313.0,1694462335.0,1694462346.0,28302798.8,1694462333.0,1694462399.0,1694462389.0,1694462392.0,9181.0,1694462399.0,1694462404.0,5.0,,20.0,66.0,5.0,11.0,177143652.0,3.0,28164.0,poseidon,condorpool,poseidon-worker-1-container-40-43,mvt,/opt/mvt/mvt,,37.9,0,0,0.0,789218.0,12288.0,422.0,3.0,29.9,0.1,26307.3,1228.8
post_vel_ID0000128,None,compute,0,1694462308.0,,,1694462313.0,1694462316.0,1694462328.0,34460663.4,1694462315.0,1694462344.0,1694462333.0,1694462336.0,4719.0,1694462344.0,1694462349.0,5.0,,2.0,29.0,5.0,12.0,177143937.0,3.0,14512.0,poseidon,condorpool,poseidon-worker-1-container-44-47,post_vel,/opt/netcdf2png/merged_netcdf2png,,0.1,0,0,,,,,,,,,
post_vel_ID0000078,None,compute,0,1694462308.0,,,1694462313.0,1694462335.0,1694462347.0,28050395.7,1694462333.0,1694462364.0,1694462352.0,1694462355.0,3916.0,1694462364.0,1694462369.0,5.0,,20.0,31.0,5.0,12.0,177143937.0,3.0,12264.0,poseidon,condorpool,poseidon-worker-2-container-44-47,post_vel,/opt/netcdf2png/merged_netcdf2png,,0.1,0,0,,,,,,,,,
mvt_ID0000079,None,compute,0,1694462308.0,,,1694462313.0,1694462335.0,1694462346.0,29615536.0,1694462333.0,1694462404.0,1694462391.0,1694462394.0,14630.0,1694462404.0,1694462409.0,5.0,,20.0,71.0,5.0,11.0,177143652.0,3.0,45337.0,poseidon,condorpool,poseidon-worker-1-container-24-27,mvt,/opt/mvt/mvt,,39.8,0,0,0.0,823515.0,24576.0,497.0,6.0,29.9,0.1,27450.5,1228.8
post_vel_ID0000058,None,compute,0,1694462308.0,,,1694462313.0,1694462335.0,1694462348.0,24858824.0,1694462333.0,1694462364.0,1694462353.0,1694462356.0,3532.0,1694462364.0,1694462369.0,5.0,,20.0,31.0,5.0,13.0,177143937.0,3.0,10981.0,poseidon,condorpool,poseidon-worker-2-container-40-43,post_vel,/opt/netcdf2png/merged_netcdf2png,,0.1,0,0,,,,,,,,,
post_vel_ID0000103,None,compute,0,1694462308.0,,,1694462314.0,1694462335.0,1694462347.0,29282973.3,1694462333.0,1694462364.0,1694462352.0,1694462355.0,4480.0,1694462364.0,1694462369.0,6.0,,19.0,31.0,5.0,12.0,177143937.0,3.0,13815.0,poseidon,condorpool,poseidon-worker-1-container-28-31,post_vel,/opt/netcdf2png/merged_netcdf2png,,0.1,0,0,,,,,,,,,
mvt_ID0000099,None,compute,0,1694462308.0,,,1694462313.0,1694462316.0,1694462328.0,34666715.6,1694462315.0,1694462384.0,1694462373.0,1694462376.0,16171.0,1694462384.0,1694462389.0,5.0,,2.0,69.0,5.0,12.0,177143652.0,3.0,50118.0,poseidon,condorpool,poseidon-worker-1-container-16-19,mvt,/opt/mvt/mvt,,40.4,0,0,0.0,801105.0,28672.0,455.0,7.0,39.9,0.1,20027.6,1433.6
post_vel_ID0000098,None,compute,0,1694462308.0,,,1694462313.0,1694462317.0,1694462328.0,34890440.8,1694462315.0,1694462344.0,1694462333.0,1694462336.0,4363.0,1694462344.0,1694462349.0,5.0,,2.0,29.0,5.0,11.0,177143937.0,3.0,13355.0,poseidon,condorpool,poseidon-worker-1-container-32-35,post_vel,/opt/netcdf2png/merged_netcdf2png,,0.1,0,0,,,,,,,,,
mvt_ID0000044,None,compute,0,1694462308.0,,,1694462313.0,1694462335.0,1694462346.0,27097872.2,1694462332.0,1694462399.0,1694462390.0,1694462393.0,9125.0,1694462399.0,1694462404.0,5.0,,19.0,67.0,5.0,11.0,177143652.0,3.0,28113.0,poseidon,condorpool,poseidon-worker-1-container-32-35,mvt,/opt/mvt/mvt,,37.9,0,0,0.0,789223.0,12288.0,422.0,3.0,29.9,0.1,26307.4,1228.8
post_vel_ID0000043,cpu_3,compute,0,1694462308.0,,,1694462313.0,1694462340.0,1694462353.0,31842254.6,1694462334.0,1694462369.0,1694462360.0,1694462363.0,3320.0,1694462369.0,1694462374.0,5.0,,21.0,35.0,5.0,13.0,177143937.0,3.0,11050.0,poseidon,condorpool,poseidon-worker-2-container-36-39,post_vel,/opt/netcdf2png/merged_netcdf2png,,0.1,0,0,,,,,,,,,
mvt_ID0000024,None,compute,0,1694462308.0,,,1694462313.0,1694462335.0,1694462347.0,26637209.2,1694462333.0,1694462404.0,1694462392.0,1694462395.0,9735.0,1694462404.0,1694462409.0,5.0,,20.0,71.0,5.0,12.0,177143652.0,3.0,30705.0,poseidon,condorpool,poseidon-worker-1-container-44-47,mvt,/opt/mvt/mvt,,39.8,0,0,0.0,822212.0,16384.0,494.0,4.0,29.9,0.1,27407.1,819.2
post_vel_ID0000023,cpu_3,compute,0,1694462308.0,,,1694462313.0,1694462333.0,1694462343.0,29700057.0,1694462331.0,1694462359.0,1694462349.0,1694462352.0,3667.0,1694462359.0,1694462364.0,5.0,,18.0,28.0,5.0,10.0,177143937.0,3.0,11372.0,poseidon,condorpool,poseidon-worker-2-container-12-15,post_vel,/opt/netcdf2png/merged_netcdf2png,,0.1,0,0,,,,,,,,,
mvt_ID0000004,None,compute,0,1694462308.0,,,1694462313.0,1694462316.0,1694462328.0,34874657.2,1694462315.0,1694462384.0,1694462373.0,1694462377.0,9296.0,1694462384.0,1694462389.0,5.0,,2.0,69.0,5.0,12.0,177143652.0,4.0,28781.0,poseidon,condorpool,poseidon-worker-1-container-24-27,mvt,/opt/mvt/mvt,,40.6,0,0,0.0,799748.0,16384.0,452.0,4.0,39.7,0.3,19993.7,819.2
post_vel_ID0000003,None,compute,0,1694462308.0,,,1694462313.0,1694462317.0,1694462328.0,34853671.4,1694462315.0,1694462344.0,1694462333.0,1694462336.0,3577.0,1694462344.0,1694462349.0,5.0,,2.0,29.0,5.0,11.0,177143937.0,3.0,10865.0,poseidon,condorpool,poseidon-worker-1-container-32-35,post_vel,/opt/netcdf2png/merged_netcdf2png,,0.1,0,0,,,,,,,,,
register_condorpool_0_2,None,auxiliary,0,1694462314.0,,,1694462329.0,,,0.0,1694462330.0,1694462334.0,,,0.0,1694462334.0,1694462339.0,15.0,,1.0,4.0,5.0,,,,,poseidon,local,poseidon-submit,pegasus::rc-client,/mnt/poseidon-data/poseidon/pegasus-5.1.0panorama/bin/pegasus-rc-client,"-n pegasus::rc-client -N null -R local  -L casa-wind-full -T 2023-09-08T07:29:05+00:00 /home/poseidon/pegasus-5.1.0panorama/bin/pegasus-rc-client --prefix pegasus.catalog.replica.output --conf /mnt/poseidon-data/poseidon/workflows/casa-wind-workflow-full/submit/poseidon/pegasus/casa-wind-full/run0382/pegasus.8675155493777076322.properties -v --meta /mnt/poseidon-data/poseidon/workflows/casa-wind-workflow-full/submit/poseidon/pegasus/casa-wind-full/run0382/00/00/unzip_ID0000026.meta,/mnt/poseidon-data/poseidon/workflows/casa-wind-workflow-full/submit/poseidon/pegasus/casa-wind-full/run0382/00/00/unzip_ID0000061.meta,/mnt/poseidon-data/poseidon/workflows/casa-wind-workflow-full/submit/poseidon/pegasus/casa-wind-full/run0382/00/00/unzip_ID0000071.meta,/mnt/poseidon-data/poseidon/workflows/casa-wind-workflow-full/submit/poseidon/pegasus/casa-wind-full/run0382/00/00/unzip_ID0000041.meta,/mnt/poseidon-data/poseidon/workflows/casa-wind-workflow-full/submit/poseidon/pegasus/casa-wind-full/run0382/00/00/unzip_ID0000016.meta,/mnt/poseidon-data/poseidon/workflows/casa-wind-workflow-full/submit/poseidon/pegasus/casa-wind-full/run0382/00/00/unzip_ID0000111.meta,/mnt/poseidon-data/poseidon/workflows/casa-wind-workflow-full/submit/poseidon/pegasus/casa-wind-full/run0382/00/00/unzip_ID0000011.meta,/mnt/poseidon-data/poseidon/workflows/casa-wind-workflow-full/submit/poseidon/pegasus/casa-wind-full/run0382/00/00/unzip_ID0000081.meta,/mnt/poseidon-data/poseidon/workflows/casa-wind-workflow-full/submit/poseidon/pegasus/casa-wind-full/run0382/00/00/unzip_ID0000066.meta,/mnt/poseidon-data/poseidon/workflows/casa-wind-workflow-full/submit/poseidon/pegasus/casa-wind-full/run0382/00/00/unzip_ID0000096.meta,/mnt/poseidon-data/poseidon/workflows/casa-wind-workflow-full/submit/poseidon/pegasus/casa-wind-full/run0382/00/00/unzip_ID0000051.meta,/mnt/poseidon-data/poseidon/workflows/casa-wind-workflow-full/submit/poseidon/pegasus/casa-wind-full/run0382/00/00/unzip_ID0000031.meta,/mnt/poseidon-data/poseidon/workflows/casa-wind-workflow-full/submit/poseidon/pegasus/casa-wind-full/run0382/00/00/unzip_ID0000116.meta,/mnt/poseidon-data/poseidon/workflows/casa-wind-workflow-full/submit/poseidon/pegasus/casa-wind-full/run0382/00/00/unzip_ID0000101.meta,/mnt/poseidon-data/poseidon/workflows/casa-wind-workflow-full/submit/poseidon/pegasus/casa-wind-full/run0382/00/00/unzip_ID0000121.meta,/mnt/poseidon-data/poseidon/workflows/casa-wind-workflow-full/submit/poseidon/pegasus/casa-wind-full/run0382/00/00/unzip_ID0000106.meta,/mnt/poseidon-data/poseidon/workflows/casa-wind-workflow-full/submit/poseidon/pegasus/casa-wind-full/run0382/00/00/unzip_ID0000046.meta,/mnt/poseidon-data/poseidon/workflows/casa-wind-workflow-full/submit/poseidon/pegasus/casa-wind-full/run0382/00/00/unzip_ID0000076.meta,/mnt/poseidon-data/poseidon/workflows/casa-wind-workflow-full/submit/poseidon/pegasus/casa-wind-full/run0382/00/00/unzip_ID0000056.meta,/mnt/poseidon-data/poseidon/workflows/casa-wind-workflow-full/submit/poseidon/pegasus/casa-wind-full/run0382/00/00/unzip_ID0000021.meta,/mnt/poseidon-data/poseidon/workflows/casa-wind-workflow-full/submit/poseidon/pegasus/casa-wind-full/run0382/00/00/unzip_ID0000086.meta,/mnt/poseidon-data/poseidon/workflows/casa-wind-workflow-full/submit/poseidon/pegasus/casa-wind-full/run0382/00/00/unzip_ID0000126.meta,/mnt/poseidon-data/poseidon/workflows/casa-wind-workflow-full/submit/poseidon/pegasus/casa-wind-full/run0382/00/00/unzip_ID0000006.meta,/mnt/poseidon-data/poseidon/workflows/casa-wind-workflow-full/submit/poseidon/pegasus/casa-wind-full/run0382/00/00/unzip_ID0000036.meta,/mnt/poseidon-data/poseidon/workflows/casa-wind-workflow-full/submit/poseidon/pegasus/casa-wind-full/run0382/00/00/unzip_ID0000001.meta,/mnt/poseidon-data/poseidon/workflows/casa-wind-workflow-full/submit/poseidon/pegasus/casa-wind-full/run0382/00/00/unzip_ID0000091.meta --insert /mnt/poseidon-data/poseidon/workflows/casa-wind-workflow-full/submit/poseidon/pegasus/casa-wind-full/run0382/00/00/register_condorpool_0_2.in",3.4,0,0,,,,,,,,,
register_condorpool_0_1,None,auxiliary,0,1694462314.0,,,1694462369.0,,,0.0,1694462369.0,1694462374.0,,,0.0,1694462374.0,1694462379.0,55.0,,0.0,5.0,5.0,,,,,poseidon,local,poseidon-submit,pegasus::rc-client,/mnt/poseidon-data/poseidon/pegasus-5.1.0panorama/bin/pegasus-rc-client,"-n pegasus::rc-client -N null -R local  -L casa-wind-full -T 2023-09-08T07:29:05+00:00 /home/poseidon/pegasus-5.1.0panorama/bin/pegasus-rc-client --prefix pegasus.catalog.replica.output --conf /mnt/poseidon-data/poseidon/workflows/casa-wind-workflow-full/submit/poseidon/pegasus/casa-wind-full/run0382/pegasus.8675155493777076322.properties -v --meta /mnt/poseidon-data/poseidon/workflows/casa-wind-workflow-full/submit/poseidon/pegasus/casa-wind-full/run0382/00/00/unzip_ID0000026.meta,/mnt/poseidon-data/poseidon/workflows/casa-wind-workflow-full/submit/poseidon/pegasus/casa-wind-full/run0382/00/00/unzip_ID0000061.meta,/mnt/poseidon-data/poseidon/workflows/casa-wind-workflow-full/submit/poseidon/pegasus/casa-wind-full/run0382/00/00/unzip_ID0000071.meta,/mnt/poseidon-data/poseidon/workflows/casa-wind-workflow-full/submit/poseidon/pegasus/casa-wind-full/run0382/00/00/unzip_ID0000041.meta,/mnt/poseidon-data/poseidon/workflows/casa-wind-workflow-full/submit/poseidon/pegasus/casa-wind-full/run0382/00/00/unzip_ID0000016.meta,/mnt/poseidon-data/poseidon/workflows/casa-wind-workflow-full/submit/poseidon/pegasus/casa-wind-full/run0382/00/00/unzip_ID0000111.meta,/mnt/poseidon-data/poseidon/workflows/casa-wind-workflow-full/submit/poseidon/pegasus/casa-wind-full/run0382/00/00/unzip_ID0000011.meta,/mnt/poseidon-data/poseidon/workflows/casa-wind-workflow-full/submit/poseidon/pegasus/casa-wind-full/run0382/00/00/unzip_ID0000081.meta,/mnt/poseidon-data/poseidon/workflows/casa-wind-workflow-full/submit/poseidon/pegasus/casa-wind-full/run0382/00/00/unzip_ID0000066.meta,/mnt/poseidon-data/poseidon/workflows/casa-wind-workflow-full/submit/poseidon/pegasus/casa-wind-full/run0382/00/00/unzip_ID0000096.meta,/mnt/poseidon-data/poseidon/workflows/casa-wind-workflow-full/submit/poseidon/pegasus/casa-wind-full/run0382/00/00/unzip_ID0000051.meta,/mnt/poseidon-data/poseidon/workflows/casa-wind-workflow-full/submit/poseidon/pegasus/casa-wind-full/run0382/00/00/unzip_ID0000031.meta,/mnt/poseidon-data/poseidon/workflows/casa-wind-workflow-full/submit/poseidon/pegasus/casa-wind-full/run0382/00/00/unzip_ID0000116.meta,/mnt/poseidon-data/poseidon/workflows/casa-wind-workflow-full/submit/poseidon/pegasus/casa-wind-full/run0382/00/00/unzip_ID0000101.meta,/mnt/poseidon-data/poseidon/workflows/casa-wind-workflow-full/submit/poseidon/pegasus/casa-wind-full/run0382/00/00/unzip_ID0000121.meta,/mnt/poseidon-data/poseidon/workflows/casa-wind-workflow-full/submit/poseidon/pegasus/casa-wind-full/run0382/00/00/unzip_ID0000106.meta,/mnt/poseidon-data/poseidon/workflows/casa-wind-workflow-full/submit/poseidon/pegasus/casa-wind-full/run0382/00/00/unzip_ID0000046.meta,/mnt/poseidon-data/poseidon/workflows/casa-wind-workflow-full/submit/poseidon/pegasus/casa-wind-full/run0382/00/00/unzip_ID0000076.meta,/mnt/poseidon-data/poseidon/workflows/casa-wind-workflow-full/submit/poseidon/pegasus/casa-wind-full/run0382/00/00/unzip_ID0000056.meta,/mnt/poseidon-data/poseidon/workflows/casa-wind-workflow-full/submit/poseidon/pegasus/casa-wind-full/run0382/00/00/unzip_ID0000021.meta,/mnt/poseidon-data/poseidon/workflows/casa-wind-workflow-full/submit/poseidon/pegasus/casa-wind-full/run0382/00/00/unzip_ID0000086.meta,/mnt/poseidon-data/poseidon/workflows/casa-wind-workflow-full/submit/poseidon/pegasus/casa-wind-full/run0382/00/00/unzip_ID0000126.meta,/mnt/poseidon-data/poseidon/workflows/casa-wind-workflow-full/submit/poseidon/pegasus/casa-wind-full/run0382/00/00/unzip_ID0000006.meta,/mnt/poseidon-data/poseidon/workflows/casa-wind-workflow-full/submit/poseidon/pegasus/casa-wind-full/run0382/00/00/unzip_ID0000036.meta,/mnt/poseidon-data/poseidon/workflows/casa-wind-workflow-full/submit/poseidon/pegasus/casa-wind-full/run0382/00/00/unzip_ID0000001.meta,/mnt/poseidon-data/poseidon/workflows/casa-wind-workflow-full/submit/poseidon/pegasus/casa-wind-full/run0382/00/00/unzip_ID0000091.meta --insert /mnt/poseidon-data/poseidon/workflows/casa-wind-workflow-full/submit/poseidon/pegasus/casa-wind-full/run0382/00/00/register_condorpool_0_1.in",3.3,0,0,,,,,,,,,
register_condorpool_0_0,None,auxiliary,0,1694462314.0,,,1694462319.0,,,0.0,1694462319.0,1694462324.0,,,0.0,1694462324.0,1694462329.0,5.0,,0.0,5.0,5.0,,,,,poseidon,local,poseidon-submit,pegasus::rc-client,/mnt/poseidon-data/poseidon/pegasus-5.1.0panorama/bin/pegasus-rc-client,"-n pegasus::rc-client -N null -R local  -L casa-wind-full -T 2023-09-08T07:29:05+00:00 /home/poseidon/pegasus-5.1.0panorama/bin/pegasus-rc-client --prefix pegasus.catalog.replica.output --conf /mnt/poseidon-data/poseidon/workflows/casa-wind-workflow-full/submit/poseidon/pegasus/casa-wind-full/run0382/pegasus.8675155493777076322.properties -v --meta /mnt/poseidon-data/poseidon/workflows/casa-wind-workflow-full/submit/poseidon/pegasus/casa-wind-full/run0382/00/00/unzip_ID0000026.meta,/mnt/poseidon-data/poseidon/workflows/casa-wind-workflow-full/submit/poseidon/pegasus/casa-wind-full/run0382/00/00/unzip_ID0000061.meta,/mnt/poseidon-data/poseidon/workflows/casa-wind-workflow-full/submit/poseidon/pegasus/casa-wind-full/run0382/00/00/unzip_ID0000071.meta,/mnt/poseidon-data/poseidon/workflows/casa-wind-workflow-full/submit/poseidon/pegasus/casa-wind-full/run0382/00/00/unzip_ID0000041.meta,/mnt/poseidon-data/poseidon/workflows/casa-wind-workflow-full/submit/poseidon/pegasus/casa-wind-full/run0382/00/00/unzip_ID0000016.meta,/mnt/poseidon-data/poseidon/workflows/casa-wind-workflow-full/submit/poseidon/pegasus/casa-wind-full/run0382/00/00/unzip_ID0000111.meta,/mnt/poseidon-data/poseidon/workflows/casa-wind-workflow-full/submit/poseidon/pegasus/casa-wind-full/run0382/00/00/unzip_ID0000011.meta,/mnt/poseidon-data/poseidon/workflows/casa-wind-workflow-full/submit/poseidon/pegasus/casa-wind-full/run0382/00/00/unzip_ID0000081.meta,/mnt/poseidon-data/poseidon/workflows/casa-wind-workflow-full/submit/poseidon/pegasus/casa-wind-full/run0382/00/00/unzip_ID0000066.meta,/mnt/poseidon-data/poseidon/workflows/casa-wind-workflow-full/submit/poseidon/pegasus/casa-wind-full/run0382/00/00/unzip_ID0000096.meta,/mnt/poseidon-data/poseidon/workflows/casa-wind-workflow-full/submit/poseidon/pegasus/casa-wind-full/run0382/00/00/unzip_ID0000051.meta,/mnt/poseidon-data/poseidon/workflows/casa-wind-workflow-full/submit/poseidon/pegasus/casa-wind-full/run0382/00/00/unzip_ID0000031.meta,/mnt/poseidon-data/poseidon/workflows/casa-wind-workflow-full/submit/poseidon/pegasus/casa-wind-full/run0382/00/00/unzip_ID0000116.meta,/mnt/poseidon-data/poseidon/workflows/casa-wind-workflow-full/submit/poseidon/pegasus/casa-wind-full/run0382/00/00/unzip_ID0000101.meta,/mnt/poseidon-data/poseidon/workflows/casa-wind-workflow-full/submit/poseidon/pegasus/casa-wind-full/run0382/00/00/unzip_ID0000121.meta,/mnt/poseidon-data/poseidon/workflows/casa-wind-workflow-full/submit/poseidon/pegasus/casa-wind-full/run0382/00/00/unzip_ID0000106.meta,/mnt/poseidon-data/poseidon/workflows/casa-wind-workflow-full/submit/poseidon/pegasus/casa-wind-full/run0382/00/00/unzip_ID0000046.meta,/mnt/poseidon-data/poseidon/workflows/casa-wind-workflow-full/submit/poseidon/pegasus/casa-wind-full/run0382/00/00/unzip_ID0000076.meta,/mnt/poseidon-data/poseidon/workflows/casa-wind-workflow-full/submit/poseidon/pegasus/casa-wind-full/run0382/00/00/unzip_ID0000056.meta,/mnt/poseidon-data/poseidon/workflows/casa-wind-workflow-full/submit/poseidon/pegasus/casa-wind-full/run0382/00/00/unzip_ID0000021.meta,/mnt/poseidon-data/poseidon/workflows/casa-wind-workflow-full/submit/poseidon/pegasus/casa-wind-full/run0382/00/00/unzip_ID0000086.meta,/mnt/poseidon-data/poseidon/workflows/casa-wind-workflow-full/submit/poseidon/pegasus/casa-wind-full/run0382/00/00/unzip_ID0000126.meta,/mnt/poseidon-data/poseidon/workflows/casa-wind-workflow-full/submit/poseidon/pegasus/casa-wind-full/run0382/00/00/unzip_ID0000006.meta,/mnt/poseidon-data/poseidon/workflows/casa-wind-workflow-full/submit/poseidon/pegasus/casa-wind-full/run0382/00/00/unzip_ID0000036.meta,/mnt/poseidon-data/poseidon/workflows/casa-wind-workflow-full/submit/poseidon/pegasus/casa-wind-full/run0382/00/00/unzip_ID0000001.meta,/mnt/poseidon-data/poseidon/workflows/casa-wind-workflow-full/submit/poseidon/pegasus/casa-wind-full/run0382/00/00/unzip_ID0000091.meta --insert /mnt/poseidon-data/poseidon/workflows/casa-wind-workflow-full/submit/poseidon/pegasus/casa-wind-full/run0382/00/00/register_condorpool_0_0.in",3.5,0,0,,,,,,,,,
mvt_ID0000109,None,compute,0,1694462314.0,,,1694462319.0,1694462335.0,1694462346.0,32468495.8,1694462333.0,1694462404.0,1694462392.0,1694462395.0,19127.0,1694462404.0,1694462409.0,5.0,,14.0,71.0,5.0,11.0,177143652.0,3.0,59954.0,poseidon,condorpool,poseidon-worker-1-container-4-7,mvt,/opt/mvt/mvt,,39.9,0,0,0.0,793262.0,32768.0,431.0,8.0,29.9,0.1,26442.1,1638.4
post_vel_ID0000108,None,compute,0,1694462314.0,,,1694462319.0,1694462335.0,1694462346.0,33502358.8,1694462333.0,1694462364.0,1694462351.0,1694462354.0,4474.0,1694462364.0,1694462369.0,5.0,,14.0,31.0,5.0,11.0,177143937.0,3.0,13907.0,poseidon,condorpool,poseidon-worker-2-container-20-23,post_vel,/opt/netcdf2png/merged_netcdf2png,,0.1,0,0,,,,,,,,,
post_vel_ID0000083,None,compute,0,1694462314.0,,,1694462319.0,1694462335.0,1694462346.0,29628010.0,1694462333.0,1694462364.0,1694462351.0,1694462354.0,4150.0,1694462364.0,1694462369.0,5.0,,14.0,31.0,5.0,11.0,177143937.0,3.0,12720.0,poseidon,condorpool,poseidon-worker-1-container-16-19,post_vel,/opt/netcdf2png/merged_netcdf2png,,0.1,0,0,,,,,,,,,
post_vel_ID0000063,None,compute,0,1694462314.0,,,1694462319.0,1694462335.0,1694462347.0,28645599.3,1694462333.0,1694462364.0,1694462352.0,1694462355.0,3738.0,1694462364.0,1694462369.0,5.0,,14.0,31.0,5.0,12.0,177143937.0,3.0,11628.0,poseidon,condorpool,poseidon-worker-1-container-0-3,post_vel,/opt/netcdf2png/merged_netcdf2png,,0.1,0,0,,,,,,,,,
mvt_ID0000064,cpu_3,compute,0,1694462314.0,,,1694462319.0,1694462337.0,1694462348.0,28230613.6,1694462335.0,1694462404.0,1694462393.0,1694462396.0,10177.0,1694462404.0,1694462409.0,5.0,,16.0,69.0,5.0,11.0,177143652.0,3.0,31148.0,poseidon,condorpool,poseidon-worker-2-container-12-15,mvt,/opt/mvt/mvt,,39.8,0,0,0.0,816530.0,16384.0,482.0,4.0,29.8,0.1,27217.7,819.2
mvt_ID0000084,None,compute,0,1694462314.0,,,1694462319.0,1694462335.0,1694462346.0,29672929.0,1694462333.0,1694462404.0,1694462391.0,1694462394.0,15340.0,1694462404.0,1694462409.0,5.0,,14.0,71.0,5.0,11.0,177143652.0,3.0,47998.0,poseidon,condorpool,poseidon-worker-2-container-28-31,mvt,/opt/mvt/mvt,,39.9,0,0,0.0,789217.0,24576.0,422.0,6.0,29.9,0.1,26307.2,1228.8
post_vel_ID0000123,None,compute,0,1694462314.0,,,1694462319.0,1694462335.0,1694462348.0,24405216.6,1694462333.0,1694462364.0,1694462353.0,1694462356.0,4837.0,1694462364.0,1694462369.0,5.0,,14.0,31.0,5.0,13.0,177143937.0,3.0,14777.0,poseidon,condorpool,poseidon-worker-2-container-16-19,post_vel,/opt/netcdf2png/merged_netcdf2png,,0.1,0,0,,,,,,,,,
mvt_ID0000124,None,compute,0,1694462314.0,,,1694462319.0,1694462334.0,1694462345.0,32219523.2,1694462333.0,1694462399.0,1694462390.0,1694462393.0,22713.0,1694462399.0,1694462404.0,5.0,,14.0,66.0,5.0,11.0,177143652.0,3.0,70564.0,poseidon,condorpool,poseidon-worker-2-container-24-27,mvt,/opt/mvt/mvt,,39.7,0,0,0.0,790593.0,40960.0,425.0,10.0,29.9,0.1,26353.1,4096.0
mvt_ID0000014,None,compute,0,1694462314.0,,,1694462319.0,1694462334.0,1694462345.0,34714188.2,1694462333.0,1694462399.0,1694462391.0,1694462394.0,10415.0,1694462399.0,1694462404.0,5.0,,14.0,66.0,5.0,11.0,177143652.0,3.0,31991.0,poseidon,condorpool,poseidon-worker-2-container-4-7,mvt,/opt/mvt/mvt,,40.0,0,0,0.0,827501.0,16384.0,506.0,4.0,29.9,0.1,27583.4,819.2
post_vel_ID0000013,None,compute,0,1694462314.0,,,1694462319.0,1694462335.0,1694462346.0,29628468.5,1694462334.0,1694462364.0,1694462351.0,1694462355.0,3560.0,1694462364.0,1694462369.0,5.0,,15.0,30.0,5.0,11.0,177143937.0,4.0,11040.0,poseidon,condorpool,poseidon-worker-2-container-8-11,post_vel,/opt/netcdf2png/merged_netcdf2png,,0.1,0,0,,,,,,,,,
mvt_ID0000019,None,compute,0,1694462314.0,,,1694462319.0,1694462335.0,1694462346.0,27596807.0,1694462333.0,1694462404.0,1694462392.0,1694462395.0,11638.0,1694462404.0,1694462409.0,5.0,,14.0,71.0,5.0,11.0,177143652.0,3.0,36245.0,poseidon,condorpool,poseidon-worker-2-container-32-35,mvt,/opt/mvt/mvt,,40.0,0,0,0.0,805348.0,20480.0,464.0,5.0,39.8,0.2,20133.7,1024.0
post_vel_ID0000018,None,compute,0,1694462314.0,,,1694462319.0,1694462336.0,1694462347.0,29695321.0,1694462334.0,1694462364.0,1694462352.0,1694462355.0,3789.0,1694462364.0,1694462369.0,5.0,,15.0,30.0,5.0,11.0,177143937.0,3.0,11645.0,poseidon,condorpool,poseidon-worker-1-container-8-11,post_vel,/opt/netcdf2png/merged_netcdf2png,,0.1,0,0,,,,,,,,,
stage_out_local_condorpool_1_0,None,transfer,0,1694462314.0,,,1694462319.0,,,0.0,1694462319.0,1694462324.0,,,0.0,1694462324.0,1694462329.0,5.0,,0.0,5.0,5.0,,,,,poseidon,local,poseidon-submit,pegasus::transfer,/mnt/poseidon-data/poseidon/pegasus-5.1.0panorama/bin/pegasus-transfer,/home/poseidon/pegasus-5.1.0panorama/bin/../bin/pegasus-kickstart  -n pegasus::transfer -N null -i - -R local  -L casa-wind-full -T 2023-09-08T07:29:05+00:00 /home/poseidon/pegasus-5.1.0panorama/bin/../bin/pegasus-transfer  --threads 2,1.0,0,0,,,,,,,,,
mvt_ID0000074,None,compute,0,1694462314.0,,,1694462319.0,1694462336.0,1694462347.0,29787178.5,1694462334.0,1694462404.0,1694462392.0,1694462395.0,12501.0,1694462404.0,1694462409.0,5.0,,15.0,70.0,5.0,11.0,177143652.0,3.0,38855.0,poseidon,condorpool,poseidon-worker-1-container-36-39,mvt,/opt/mvt/mvt,,39.8,0,0,0.0,824895.0,20480.0,500.0,5.0,29.9,0.1,27496.5,1024.0
post_vel_ID0000073,None,compute,0,1694462314.0,,,1694462319.0,1694462334.0,1694462347.0,28763665.7,1694462333.0,1694462364.0,1694462352.0,1694462355.0,3824.0,1694462364.0,1694462369.0,5.0,,14.0,31.0,5.0,13.0,177143937.0,3.0,11825.0,poseidon,condorpool,poseidon-worker-1-container-12-15,post_vel,/opt/netcdf2png/merged_netcdf2png,,0.1,0,0,,,,,,,,,
mvt_ID0000009,cpu_3,compute,0,1694462319.0,,,1694462324.0,1694462338.0,1694462351.0,32380970.0,1694462333.0,1694462424.0,1694462415.0,1694462418.0,11552.0,1694462424.0,1694462429.0,5.0,,9.0,91.0,5.0,13.0,177143652.0,3.0,35429.0,poseidon,condorpool,poseidon-worker-2-container-36-39,mvt,/opt/mvt/mvt,,39.2,0,0,0.0,854190.0,20480.0,578.0,5.0,32.2,0.1,17083.8,1024.0
post_vel_ID0000008,None,compute,0,1694462319.0,,,1694462324.0,1694462335.0,1694462346.0,28179838.8,1694462333.0,1694462364.0,1694462352.0,1694462355.0,3552.0,1694462364.0,1694462369.0,5.0,,9.0,31.0,5.0,11.0,177143937.0,3.0,10982.0,poseidon,condorpool,poseidon-worker-2-container-0-3,post_vel,/opt/netcdf2png/merged_netcdf2png,,0.1,0,0,,,,,,,,,
stage_out_local_condorpool_1_1,None,transfer,0,1694462319.0,,,1694462324.0,,,0.0,1694462324.0,1694462329.0,,,0.0,1694462329.0,1694462334.0,5.0,,0.0,5.0,5.0,,,,,poseidon,local,poseidon-submit,pegasus::transfer,/mnt/poseidon-data/poseidon/pegasus-5.1.0panorama/bin/pegasus-transfer,/home/poseidon/pegasus-5.1.0panorama/bin/../bin/pegasus-kickstart  -n pegasus::transfer -N null -i - -R local  -L casa-wind-full -T 2023-09-08T07:29:05+00:00 /home/poseidon/pegasus-5.1.0panorama/bin/../bin/pegasus-transfer  --threads 2,1.0,0,0,,,,,,,,,
register_condorpool_1_0,None,auxiliary,0,1694462329.0,,,1694462339.0,,,0.0,1694462339.0,1694462344.0,,,0.0,1694462344.0,1694462349.0,10.0,,0.0,5.0,5.0,,,,,poseidon,local,poseidon-submit,pegasus::rc-client,/mnt/poseidon-data/poseidon/pegasus-5.1.0panorama/bin/pegasus-rc-client,"-n pegasus::rc-client -N null -R local  -L casa-wind-full -T 2023-09-08T07:29:05+00:00 /home/poseidon/pegasus-5.1.0panorama/bin/pegasus-rc-client --prefix pegasus.catalog.replica.output --conf /mnt/poseidon-data/poseidon/workflows/casa-wind-workflow-full/submit/poseidon/pegasus/casa-wind-full/run0382/pegasus.8675155493777076322.properties -v --meta /mnt/poseidon-data/poseidon/workflows/casa-wind-workflow-full/submit/poseidon/pegasus/casa-wind-full/run0382/00/01/um_vel_ID0000067.meta,/mnt/poseidon-data/poseidon/workflows/casa-wind-workflow-full/submit/poseidon/pegasus/casa-wind-full/run0382/00/00/um_vel_ID0000127.meta,/mnt/poseidon-data/poseidon/workflows/casa-wind-workflow-full/submit/poseidon/pegasus/casa-wind-full/run0382/00/00/um_vel_ID0000122.meta,/mnt/poseidon-data/poseidon/workflows/casa-wind-workflow-full/submit/poseidon/pegasus/casa-wind-full/run0382/00/00/um_vel_ID0000092.meta,/mnt/poseidon-data/poseidon/workflows/casa-wind-workflow-full/submit/poseidon/pegasus/casa-wind-full/run0382/00/01/um_vel_ID0000077.meta,/mnt/poseidon-data/poseidon/workflows/casa-wind-workflow-full/submit/poseidon/pegasus/casa-wind-full/run0382/00/01/um_vel_ID0000057.meta,/mnt/poseidon-data/poseidon/workflows/casa-wind-workflow-full/submit/poseidon/pegasus/casa-wind-full/run0382/00/00/um_vel_ID0000027.meta,/mnt/poseidon-data/poseidon/workflows/casa-wind-workflow-full/submit/poseidon/pegasus/casa-wind-full/run0382/00/01/um_vel_ID0000042.meta,/mnt/poseidon-data/poseidon/workflows/casa-wind-workflow-full/submit/poseidon/pegasus/casa-wind-full/run0382/00/00/um_vel_ID0000022.meta --insert /mnt/poseidon-data/poseidon/workflows/casa-wind-workflow-full/submit/poseidon/pegasus/casa-wind-full/run0382/00/01/register_condorpool_1_0.in",2.8,0,0,,,,,,,,,
register_condorpool_1_1,None,auxiliary,0,1694462334.0,,,1694462349.0,,,0.0,1694462350.0,1694462354.0,,,0.0,1694462354.0,1694462359.0,15.0,,1.0,4.0,5.0,,,,,poseidon,local,poseidon-submit,pegasus::rc-client,/mnt/poseidon-data/poseidon/pegasus-5.1.0panorama/bin/pegasus-rc-client,"-n pegasus::rc-client -N null -R local  -L casa-wind-full -T 2023-09-08T07:29:05+00:00 /home/poseidon/pegasus-5.1.0panorama/bin/pegasus-rc-client --prefix pegasus.catalog.replica.output --conf /mnt/poseidon-data/poseidon/workflows/casa-wind-workflow-full/submit/poseidon/pegasus/casa-wind-full/run0382/pegasus.8675155493777076322.properties -v --meta /mnt/poseidon-data/poseidon/workflows/casa-wind-workflow-full/submit/poseidon/pegasus/casa-wind-full/run0382/00/00/um_vel_ID0000017.meta,/mnt/poseidon-data/poseidon/workflows/casa-wind-workflow-full/submit/poseidon/pegasus/casa-wind-full/run0382/00/01/um_vel_ID0000037.meta,/mnt/poseidon-data/poseidon/workflows/casa-wind-workflow-full/submit/poseidon/pegasus/casa-wind-full/run0382/00/00/um_vel_ID0000082.meta,/mnt/poseidon-data/poseidon/workflows/casa-wind-workflow-full/submit/poseidon/pegasus/casa-wind-full/run0382/00/00/um_vel_ID0000097.meta,/mnt/poseidon-data/poseidon/workflows/casa-wind-workflow-full/submit/poseidon/pegasus/casa-wind-full/run0382/00/01/um_vel_ID0000047.meta,/mnt/poseidon-data/poseidon/workflows/casa-wind-workflow-full/submit/poseidon/pegasus/casa-wind-full/run0382/00/00/um_vel_ID0000087.meta,/mnt/poseidon-data/poseidon/workflows/casa-wind-workflow-full/submit/poseidon/pegasus/casa-wind-full/run0382/00/01/um_vel_ID0000007.meta,/mnt/poseidon-data/poseidon/workflows/casa-wind-workflow-full/submit/poseidon/pegasus/casa-wind-full/run0382/00/01/um_vel_ID0000072.meta,/mnt/poseidon-data/poseidon/workflows/casa-wind-workflow-full/submit/poseidon/pegasus/casa-wind-full/run0382/00/01/um_vel_ID0000102.meta --insert /mnt/poseidon-data/poseidon/workflows/casa-wind-workflow-full/submit/poseidon/pegasus/casa-wind-full/run0382/00/01/register_condorpool_1_1.in",2.9,0,0,,,,,,,,,
post_vel_ID0000113,None,compute,0,1694462339.0,,,1694462344.0,1694462347.0,1694462358.0,33843233.6,1694462345.0,1694462374.0,1694462363.0,1694462366.0,4781.0,1694462374.0,1694462379.0,5.0,,1.0,29.0,5.0,11.0,177143937.0,3.0,14745.0,poseidon,condorpool,poseidon-worker-2-container-32-35,post_vel,/opt/netcdf2png/merged_netcdf2png,,0.1,0,0,,,,,,,,,
mvt_ID0000114,None,compute,0,1694462339.0,,,1694462344.0,1694462347.0,1694462358.0,29718515.0,1694462345.0,1694462414.0,1694462401.0,1694462405.0,23683.0,1694462414.0,1694462419.0,5.0,,1.0,69.0,5.0,11.0,177143652.0,4.0,73234.0,poseidon,condorpool,poseidon-worker-2-container-8-11,mvt,/opt/mvt/mvt,,38.4,0,0,0.0,791943.0,40960.0,428.0,10.0,29.9,0.1,26398.1,4096.0
stage_out_local_condorpool_1_2,None,transfer,0,1694462339.0,,,1694462344.0,,,0.0,1694462344.0,1694462349.0,,,0.0,1694462349.0,1694462354.0,5.0,,0.0,5.0,5.0,,,,,poseidon,local,poseidon-submit,pegasus::transfer,/mnt/poseidon-data/poseidon/pegasus-5.1.0panorama/bin/pegasus-transfer,/home/poseidon/pegasus-5.1.0panorama/bin/../bin/pegasus-kickstart  -n pegasus::transfer -N null -i - -R local  -L casa-wind-full -T 2023-09-08T07:29:05+00:00 /home/poseidon/pegasus-5.1.0panorama/bin/../bin/pegasus-transfer  --threads 2,0.8,0,0,,,,,,,,,
register_condorpool_1_2,None,auxiliary,0,1694462354.0,,,1694462359.0,,,0.0,1694462360.0,1694462364.0,,,0.0,1694462364.0,1694462369.0,5.0,,1.0,4.0,5.0,,,,,poseidon,local,poseidon-submit,pegasus::rc-client,/mnt/poseidon-data/poseidon/pegasus-5.1.0panorama/bin/pegasus-rc-client,"-n pegasus::rc-client -N null -R local  -L casa-wind-full -T 2023-09-08T07:29:05+00:00 /home/poseidon/pegasus-5.1.0panorama/bin/pegasus-rc-client --prefix pegasus.catalog.replica.output --conf /mnt/poseidon-data/poseidon/workflows/casa-wind-workflow-full/submit/poseidon/pegasus/casa-wind-full/run0382/pegasus.8675155493777076322.properties -v --meta /mnt/poseidon-data/poseidon/workflows/casa-wind-workflow-full/submit/poseidon/pegasus/casa-wind-full/run0382/00/00/um_vel_ID0000117.meta,/mnt/poseidon-data/poseidon/workflows/casa-wind-workflow-full/submit/poseidon/pegasus/casa-wind-full/run0382/00/01/um_vel_ID0000052.meta,/mnt/poseidon-data/poseidon/workflows/casa-wind-workflow-full/submit/poseidon/pegasus/casa-wind-full/run0382/00/00/um_vel_ID0000002.meta,/mnt/poseidon-data/poseidon/workflows/casa-wind-workflow-full/submit/poseidon/pegasus/casa-wind-full/run0382/00/00/um_vel_ID0000012.meta,/mnt/poseidon-data/poseidon/workflows/casa-wind-workflow-full/submit/poseidon/pegasus/casa-wind-full/run0382/00/00/um_vel_ID0000032.meta,/mnt/poseidon-data/poseidon/workflows/casa-wind-workflow-full/submit/poseidon/pegasus/casa-wind-full/run0382/00/01/um_vel_ID0000062.meta,/mnt/poseidon-data/poseidon/workflows/casa-wind-workflow-full/submit/poseidon/pegasus/casa-wind-full/run0382/00/01/um_vel_ID0000112.meta,/mnt/poseidon-data/poseidon/workflows/casa-wind-workflow-full/submit/poseidon/pegasus/casa-wind-full/run0382/00/01/um_vel_ID0000107.meta --insert /mnt/poseidon-data/poseidon/workflows/casa-wind-workflow-full/submit/poseidon/pegasus/casa-wind-full/run0382/00/01/register_condorpool_1_2.in",2.7,0,0,,,,,,,,,
stage_out_local_condorpool_2_4,None,transfer,0,1694462379.0,,,1694462384.0,,,0.0,1694462384.0,1694462389.0,,,0.0,1694462389.0,1694462394.0,5.0,,0.0,5.0,5.0,,,,,poseidon,local,poseidon-submit,pegasus::transfer,/mnt/poseidon-data/poseidon/pegasus-5.1.0panorama/bin/pegasus-transfer,/home/poseidon/pegasus-5.1.0panorama/bin/../bin/pegasus-kickstart  -n pegasus::transfer -N null -i - -R local  -L casa-wind-full -T 2023-09-08T07:29:05+00:00 /home/poseidon/pegasus-5.1.0panorama/bin/../bin/pegasus-transfer  --threads 2,0.8,0,0,,,,,,,,,
point_alert_ID0000055,None,compute,0,1694462379.0,,,1694462384.0,1694462386.0,1694462397.0,34242334.6,1694462385.0,1694462414.0,1694462403.0,1694462406.0,6689.0,1694462414.0,1694462419.0,5.0,,1.0,29.0,5.0,11.0,176636535.0,3.0,20638.0,poseidon,condorpool,poseidon-worker-1-container-0-3,point_alert,/opt/pointAlert/pointAlert,,0.0,0,0,,,,,,,,,
point_alert_ID0000095,None,compute,0,1694462379.0,,,1694462384.0,1694462386.0,1694462397.0,29657117.0,1694462385.0,1694462414.0,1694462403.0,1694462406.0,6723.0,1694462414.0,1694462419.0,5.0,,1.0,29.0,5.0,11.0,176660390.0,3.0,20718.0,poseidon,condorpool,poseidon-worker-2-container-32-35,point_alert,/opt/pointAlert/pointAlert,,0.0,0,0,,,,,,,,,
point_alert_ID0000120,None,compute,0,1694462379.0,,,1694462384.0,1694462387.0,1694462397.0,29702259.5,1694462385.0,1694462414.0,1694462403.0,1694462406.0,7093.0,1694462414.0,1694462419.0,5.0,,1.0,29.0,5.0,10.0,176673508.0,3.0,21998.0,poseidon,condorpool,poseidon-worker-1-container-20-23,point_alert,/opt/pointAlert/pointAlert,,0.0,0,0,,,,,,,,,
point_alert_ID0000040,None,compute,0,1694462379.0,,,1694462384.0,1694462387.0,1694462397.0,29659957.0,1694462385.0,1694462414.0,1694462403.0,1694462406.0,6675.0,1694462414.0,1694462419.0,5.0,,1.0,29.0,5.0,10.0,176642369.0,3.0,20558.0,poseidon,condorpool,poseidon-worker-1-container-36-39,point_alert,/opt/pointAlert/pointAlert,,0.0,0,0,,,,,,,,,
point_alert_ID0000035,None,compute,0,1694462384.0,,,1694462389.0,1694462392.0,1694462403.0,29582219.0,1694462390.0,1694462419.0,1694462408.0,1694462411.0,6480.0,1694462419.0,1694462424.0,5.0,,1.0,29.0,5.0,11.0,176638959.0,3.0,20078.0,poseidon,condorpool,poseidon-worker-1-container-0-3,point_alert,/opt/pointAlert/pointAlert,,0.0,0,0,,,,,,,,,
point_alert_ID0000050,cpu_3,compute,0,1694462384.0,,,1694462389.0,1694462395.0,1694462408.0,27846488.8,1694462390.0,1694462424.0,1694462414.0,1694462417.0,6560.0,1694462424.0,1694462429.0,5.0,,1.0,34.0,5.0,13.0,176632091.0,3.0,20878.0,poseidon,condorpool,poseidon-worker-2-container-36-39,point_alert,/opt/pointAlert/pointAlert,,0.0,0,0,,,,,,,,,
point_alert_ID0000090,None,compute,0,1694462384.0,,,1694462389.0,1694462392.0,1694462403.0,29815157.8,1694462390.0,1694462419.0,1694462409.0,1694462412.0,6766.0,1694462419.0,1694462424.0,5.0,,1.0,29.0,5.0,11.0,176656458.0,3.0,20638.0,poseidon,condorpool,poseidon-worker-2-container-40-43,point_alert,/opt/pointAlert/pointAlert,,0.0,0,0,,,,,,,,,
point_alert_ID0000070,None,compute,0,1694462384.0,,,1694462389.0,1694462392.0,1694462403.0,33733629.0,1694462390.0,1694462419.0,1694462408.0,1694462411.0,6715.0,1694462419.0,1694462424.0,5.0,,1.0,29.0,5.0,11.0,176643292.0,3.0,20558.0,poseidon,condorpool,poseidon-worker-1-container-12-15,point_alert,/opt/pointAlert/pointAlert,,0.0,0,0,,,,,,,,,
point_alert_ID0000100,None,compute,0,1694462389.0,,,1694462394.0,1694462397.0,1694462408.0,34517416.0,1694462395.0,1694462424.0,1694462413.0,1694462416.0,6693.0,1694462424.0,1694462429.0,5.0,,1.0,29.0,5.0,11.0,176658101.0,3.0,20638.0,poseidon,condorpool,poseidon-worker-2-container-44-47,point_alert,/opt/pointAlert/pointAlert,,0.0,0,0,,,,,,,,,
point_alert_ID0000005,cpu_3,compute,0,1694462389.0,,,1694462394.0,1694462400.0,1694462413.0,33110172.4,1694462395.0,1694462429.0,1694462418.0,1694462421.0,6691.0,1694462429.0,1694462434.0,5.0,,1.0,34.0,5.0,13.0,176636764.0,3.0,20398.0,poseidon,condorpool,poseidon-worker-2-container-36-39,point_alert,/opt/pointAlert/pointAlert,,0.0,0,0,,,,,,,,,
point_alert_ID0000130,None,compute,0,1694462389.0,,,1694462394.0,1694462397.0,1694462408.0,29560802.0,1694462395.0,1694462424.0,1694462413.0,1694462416.0,7511.0,1694462424.0,1694462429.0,5.0,,1.0,29.0,5.0,11.0,176672472.0,3.0,23118.0,poseidon,condorpool,poseidon-worker-2-container-4-7,point_alert,/opt/pointAlert/pointAlert,,0.0,0,0,,,,,,,,,
register_condorpool_2_4,None,auxiliary,0,1694462394.0,,,1694462399.0,,,0.0,1694462400.0,1694462404.0,,,0.0,1694462404.0,1694462409.0,5.0,,1.0,4.0,5.0,,,,,poseidon,local,poseidon-submit,pegasus::rc-client,/mnt/poseidon-data/poseidon/pegasus-5.1.0panorama/bin/pegasus-rc-client,"-n pegasus::rc-client -N null -R local  -L casa-wind-full -T 2023-09-08T07:29:05+00:00 /home/poseidon/pegasus-5.1.0panorama/bin/pegasus-rc-client --prefix pegasus.catalog.replica.output --conf /mnt/poseidon-data/poseidon/workflows/casa-wind-workflow-full/submit/poseidon/pegasus/casa-wind-full/run0382/pegasus.8675155493777076322.properties -v --meta /mnt/poseidon-data/poseidon/workflows/casa-wind-workflow-full/submit/poseidon/pegasus/casa-wind-full/run0382/00/02/post_vel_ID0000108.meta,/mnt/poseidon-data/poseidon/workflows/casa-wind-workflow-full/submit/poseidon/pegasus/casa-wind-full/run0382/00/01/post_vel_ID0000063.meta,/mnt/poseidon-data/poseidon/workflows/casa-wind-workflow-full/submit/poseidon/pegasus/casa-wind-full/run0382/00/01/post_vel_ID0000013.meta,/mnt/poseidon-data/poseidon/workflows/casa-wind-workflow-full/submit/poseidon/pegasus/casa-wind-full/run0382/00/02/mvt_ID0000054.meta,/mnt/poseidon-data/poseidon/workflows/casa-wind-workflow-full/submit/poseidon/pegasus/casa-wind-full/run0382/00/01/post_vel_ID0000033.meta,/mnt/poseidon-data/poseidon/workflows/casa-wind-workflow-full/submit/poseidon/pegasus/casa-wind-full/run0382/00/02/post_vel_ID0000113.meta,/mnt/poseidon-data/poseidon/workflows/casa-wind-workflow-full/submit/poseidon/pegasus/casa-wind-full/run0382/00/01/post_vel_ID0000003.meta,/mnt/poseidon-data/poseidon/workflows/casa-wind-workflow-full/submit/poseidon/pegasus/casa-wind-full/run0382/00/01/post_vel_ID0000118.meta --insert /mnt/poseidon-data/poseidon/workflows/casa-wind-workflow-full/submit/poseidon/pegasus/casa-wind-full/run0382/00/02/register_condorpool_2_4.in",2.7,0,0,,,,,,,,,
point_alert_ID0000030,None,compute,0,1694462399.0,,,1694462404.0,1694462406.0,1694462417.0,34009373.2,1694462405.0,1694462434.0,1694462423.0,1694462426.0,6547.0,1694462434.0,1694462439.0,5.0,,1.0,29.0,5.0,11.0,176646324.0,3.0,20158.0,poseidon,condorpool,poseidon-worker-1-container-32-35,point_alert,/opt/pointAlert/pointAlert,,0.0,0,0,,,,,,,,,
point_alert_ID0000125,None,compute,0,1694462404.0,,,1694462409.0,1694462412.0,1694462423.0,35317204.0,1694462410.0,1694462439.0,1694462428.0,1694462431.0,7298.0,1694462439.0,1694462444.0,5.0,,1.0,29.0,5.0,11.0,176678547.0,3.0,22878.0,poseidon,condorpool,poseidon-worker-1-container-40-43,point_alert,/opt/pointAlert/pointAlert,,0.0,0,0,,,,,,,,,
point_alert_ID0000060,None,compute,0,1694462404.0,,,1694462409.0,1694462412.0,1694462423.0,29628969.5,1694462410.0,1694462439.0,1694462428.0,1694462431.0,6717.0,1694462439.0,1694462444.0,5.0,,1.0,29.0,5.0,11.0,176636147.0,3.0,20878.0,poseidon,condorpool,poseidon-worker-1-container-36-39,point_alert,/opt/pointAlert/pointAlert,,0.0,0,0,,,,,,,,,
point_alert_ID0000015,None,compute,0,1694462404.0,,,1694462409.0,1694462412.0,1694462423.0,29603419.0,1694462410.0,1694462439.0,1694462428.0,1694462431.0,6667.0,1694462439.0,1694462444.0,5.0,,1.0,29.0,5.0,11.0,176639974.0,3.0,20558.0,poseidon,condorpool,poseidon-worker-2-container-32-35,point_alert,/opt/pointAlert/pointAlert,,0.0,0,0,,,,,,,,,
point_alert_ID0000045,None,compute,0,1694462404.0,,,1694462409.0,1694462412.0,1694462423.0,29901315.5,1694462410.0,1694462439.0,1694462428.0,1694462431.0,6766.0,1694462439.0,1694462444.0,5.0,,1.0,29.0,5.0,11.0,176636096.0,3.0,20798.0,poseidon,condorpool,poseidon-worker-2-container-24-27,point_alert,/opt/pointAlert/pointAlert,,0.0,0,0,,,,,,,,,
stage_out_local_condorpool_2_0,None,transfer,0,1694462404.0,,,1694462409.0,,,0.0,1694462410.0,1694462419.0,,,0.0,1694462419.0,1694462424.0,5.0,,1.0,9.0,5.0,,,,,poseidon,local,poseidon-submit,pegasus::transfer,/mnt/poseidon-data/poseidon/pegasus-5.1.0panorama/bin/pegasus-transfer,/home/poseidon/pegasus-5.1.0panorama/bin/../bin/pegasus-kickstart  -n pegasus::transfer -N null -i - -R local  -L casa-wind-full -T 2023-09-08T07:29:05+00:00 /home/poseidon/pegasus-5.1.0panorama/bin/../bin/pegasus-transfer  --threads 2,0.9,0,0,,,,,,,,,
stage_out_local_condorpool_2_2,None,transfer,0,1694462409.0,,,1694462414.0,,,0.0,1694462415.0,1694462424.0,,,0.0,1694462424.0,1694462429.0,5.0,,1.0,9.0,5.0,,,,,poseidon,local,poseidon-submit,pegasus::transfer,/mnt/poseidon-data/poseidon/pegasus-5.1.0panorama/bin/pegasus-transfer,/home/poseidon/pegasus-5.1.0panorama/bin/../bin/pegasus-kickstart  -n pegasus::transfer -N null -i - -R local  -L casa-wind-full -T 2023-09-08T07:29:05+00:00 /home/poseidon/pegasus-5.1.0panorama/bin/../bin/pegasus-transfer  --threads 2,0.9,0,0,,,,,,,,,
point_alert_ID0000110,None,compute,0,1694462409.0,,,1694462414.0,1694462417.0,1694462428.0,29631949.0,1694462415.0,1694462444.0,1694462433.0,1694462436.0,6760.0,1694462444.0,1694462449.0,5.0,,1.0,29.0,5.0,11.0,176667937.0,3.0,21038.0,poseidon,condorpool,poseidon-worker-1-container-20-23,point_alert,/opt/pointAlert/pointAlert,,0.0,0,0,,,,,,,,,
point_alert_ID0000105,None,compute,0,1694462409.0,,,1694462414.0,1694462417.0,1694462428.0,34359660.4,1694462415.0,1694462444.0,1694462433.0,1694462437.0,6860.0,1694462444.0,1694462449.0,5.0,,1.0,29.0,5.0,11.0,176667573.0,4.0,21278.0,poseidon,condorpool,poseidon-worker-1-container-44-47,point_alert,/opt/pointAlert/pointAlert,,0.0,0,0,,,,,,,,,
point_alert_ID0000020,None,compute,0,1694462409.0,,,1694462414.0,1694462417.0,1694462428.0,29618611.0,1694462415.0,1694462444.0,1694462433.0,1694462436.0,6587.0,1694462444.0,1694462449.0,5.0,,1.0,29.0,5.0,11.0,176644228.0,3.0,20478.0,poseidon,condorpool,poseidon-worker-1-container-36-39,point_alert,/opt/pointAlert/pointAlert,,0.0,0,0,,,,,,,,,
point_alert_ID0000080,None,compute,0,1694462409.0,,,1694462414.0,1694462417.0,1694462428.0,29594240.0,1694462415.0,1694462444.0,1694462433.0,1694462436.0,6648.0,1694462444.0,1694462449.0,5.0,,1.0,29.0,5.0,11.0,176653320.0,3.0,20718.0,poseidon,condorpool,poseidon-worker-1-container-0-3,point_alert,/opt/pointAlert/pointAlert,,0.0,0,0,,,,,,,,,
point_alert_ID0000075,None,compute,0,1694462409.0,,,1694462414.0,1694462417.0,1694462428.0,29594648.0,1694462415.0,1694462444.0,1694462433.0,1694462436.0,6626.0,1694462444.0,1694462449.0,5.0,,1.0,29.0,5.0,11.0,176646838.0,3.0,20558.0,poseidon,condorpool,poseidon-worker-1-container-24-27,point_alert,/opt/pointAlert/pointAlert,,0.0,0,0,,,,,,,,,
point_alert_ID0000085,None,compute,0,1694462409.0,,,1694462414.0,1694462417.0,1694462428.0,29574127.5,1694462415.0,1694462444.0,1694462433.0,1694462436.0,6816.0,1694462444.0,1694462449.0,5.0,,1.0,29.0,5.0,11.0,176655981.0,3.0,21118.0,poseidon,condorpool,poseidon-worker-2-container-8-11,point_alert,/opt/pointAlert/pointAlert,,0.0,0,0,,,,,,,,,
point_alert_ID0000025,None,compute,0,1694462409.0,,,1694462414.0,1694462417.0,1694462428.0,29683850.0,1694462415.0,1694462444.0,1694462433.0,1694462437.0,6430.0,1694462444.0,1694462449.0,5.0,,1.0,29.0,5.0,11.0,176638688.0,4.0,20078.0,poseidon,condorpool,poseidon-worker-1-container-20-23,point_alert,/opt/pointAlert/pointAlert,,0.0,0,0,,,,,,,,,
point_alert_ID0000065,None,compute,0,1694462409.0,,,1694462414.0,1694462417.0,1694462428.0,29668713.0,1694462415.0,1694462444.0,1694462433.0,1694462436.0,6540.0,1694462444.0,1694462449.0,5.0,,1.0,29.0,5.0,11.0,176639131.0,3.0,20238.0,poseidon,condorpool,poseidon-worker-2-container-32-35,point_alert,/opt/pointAlert/pointAlert,,0.0,0,0,,,,,,,,,
stage_out_local_condorpool_2_1,None,transfer,0,1694462409.0,,,1694462414.0,,,0.0,1694462415.0,1694462424.0,,,0.0,1694462424.0,1694462429.0,5.0,,1.0,9.0,5.0,,,,,poseidon,local,poseidon-submit,pegasus::transfer,/mnt/poseidon-data/poseidon/pegasus-5.1.0panorama/bin/pegasus-transfer,/home/poseidon/pegasus-5.1.0panorama/bin/../bin/pegasus-kickstart  -n pegasus::transfer -N null -i - -R local  -L casa-wind-full -T 2023-09-08T07:29:05+00:00 /home/poseidon/pegasus-5.1.0panorama/bin/../bin/pegasus-transfer  --threads 2,1.0,0,0,,,,,,,,,
point_alert_ID0000115,None,compute,0,1694462419.0,,,1694462424.0,1694462426.0,1694462437.0,29613306.5,1694462425.0,1694462454.0,1694462442.0,1694462446.0,7029.0,1694462454.0,1694462459.0,5.0,,1.0,29.0,5.0,11.0,176681217.0,4.0,21598.0,poseidon,condorpool,poseidon-worker-1-container-12-15,point_alert,/opt/pointAlert/pointAlert,,0.0,0,0,,,,,,,,,
stage_out_local_condorpool_2_5,None,transfer,0,1694462419.0,,,1694462424.0,,,0.0,1694462424.0,1694462429.0,,,0.0,1694462429.0,1694462434.0,5.0,,0.0,5.0,5.0,,,,,poseidon,local,poseidon-submit,pegasus::transfer,/mnt/poseidon-data/poseidon/pegasus-5.1.0panorama/bin/pegasus-transfer,/home/poseidon/pegasus-5.1.0panorama/bin/../bin/pegasus-kickstart  -n pegasus::transfer -N null -i - -R local  -L casa-wind-full -T 2023-09-08T07:29:05+00:00 /home/poseidon/pegasus-5.1.0panorama/bin/../bin/pegasus-transfer  --threads 2,0.8,0,0,,,,,,,,,
register_condorpool_2_0,None,auxiliary,0,1694462424.0,,,1694462429.0,,,0.0,1694462429.0,1694462434.0,,,0.0,1694462434.0,1694462439.0,5.0,,0.0,5.0,5.0,,,,,poseidon,local,poseidon-submit,pegasus::rc-client,/mnt/poseidon-data/poseidon/pegasus-5.1.0panorama/bin/pegasus-rc-client,"-n pegasus::rc-client -N null -R local  -L casa-wind-full -T 2023-09-08T07:29:05+00:00 /home/poseidon/pegasus-5.1.0panorama/bin/pegasus-rc-client --prefix pegasus.catalog.replica.output --conf /mnt/poseidon-data/poseidon/workflows/casa-wind-workflow-full/submit/poseidon/pegasus/casa-wind-full/run0382/pegasus.8675155493777076322.properties -v --meta /mnt/poseidon-data/poseidon/workflows/casa-wind-workflow-full/submit/poseidon/pegasus/casa-wind-full/run0382/00/01/post_vel_ID0000023.meta,/mnt/poseidon-data/poseidon/workflows/casa-wind-workflow-full/submit/poseidon/pegasus/casa-wind-full/run0382/00/01/post_vel_ID0000093.meta,/mnt/poseidon-data/poseidon/workflows/casa-wind-workflow-full/submit/poseidon/pegasus/casa-wind-full/run0382/00/01/mvt_ID0000129.meta,/mnt/poseidon-data/poseidon/workflows/casa-wind-workflow-full/submit/poseidon/pegasus/casa-wind-full/run0382/00/02/mvt_ID0000044.meta,/mnt/poseidon-data/poseidon/workflows/casa-wind-workflow-full/submit/poseidon/pegasus/casa-wind-full/run0382/00/02/post_vel_ID0000058.meta,/mnt/poseidon-data/poseidon/workflows/casa-wind-workflow-full/submit/poseidon/pegasus/casa-wind-full/run0382/00/01/post_vel_ID0000068.meta,/mnt/poseidon-data/poseidon/workflows/casa-wind-workflow-full/submit/poseidon/pegasus/casa-wind-full/run0382/00/01/post_vel_ID0000123.meta,/mnt/poseidon-data/poseidon/workflows/casa-wind-workflow-full/submit/poseidon/pegasus/casa-wind-full/run0382/00/02/post_vel_ID0000078.meta,/mnt/poseidon-data/poseidon/workflows/casa-wind-workflow-full/submit/poseidon/pegasus/casa-wind-full/run0382/00/01/mvt_ID0000029.meta --insert /mnt/poseidon-data/poseidon/workflows/casa-wind-workflow-full/submit/poseidon/pegasus/casa-wind-full/run0382/00/02/register_condorpool_2_0.in",2.8,0,0,,,,,,,,,
stage_out_local_condorpool_2_3,None,transfer,0,1694462429.0,,,1694462434.0,,,0.0,1694462435.0,1694462439.0,,,0.0,1694462439.0,1694462444.0,5.0,,1.0,4.0,5.0,,,,,poseidon,local,poseidon-submit,pegasus::transfer,/mnt/poseidon-data/poseidon/pegasus-5.1.0panorama/bin/pegasus-transfer,/home/poseidon/pegasus-5.1.0panorama/bin/../bin/pegasus-kickstart  -n pegasus::transfer -N null -i - -R local  -L casa-wind-full -T 2023-09-08T07:29:05+00:00 /home/poseidon/pegasus-5.1.0panorama/bin/../bin/pegasus-transfer  --threads 2,0.9,0,0,,,,,,,,,
register_condorpool_2_1,None,auxiliary,0,1694462429.0,,,1694462449.0,,,0.0,1694462449.0,1694462454.0,,,0.0,1694462454.0,1694462459.0,20.0,,0.0,5.0,5.0,,,,,poseidon,local,poseidon-submit,pegasus::rc-client,/mnt/poseidon-data/poseidon/pegasus-5.1.0panorama/bin/pegasus-rc-client,"-n pegasus::rc-client -N null -R local  -L casa-wind-full -T 2023-09-08T07:29:05+00:00 /home/poseidon/pegasus-5.1.0panorama/bin/pegasus-rc-client --prefix pegasus.catalog.replica.output --conf /mnt/poseidon-data/poseidon/workflows/casa-wind-workflow-full/submit/poseidon/pegasus/casa-wind-full/run0382/pegasus.8675155493777076322.properties -v --meta /mnt/poseidon-data/poseidon/workflows/casa-wind-workflow-full/submit/poseidon/pegasus/casa-wind-full/run0382/00/01/post_vel_ID0000028.meta,/mnt/poseidon-data/poseidon/workflows/casa-wind-workflow-full/submit/poseidon/pegasus/casa-wind-full/run0382/00/02/post_vel_ID0000043.meta,/mnt/poseidon-data/poseidon/workflows/casa-wind-workflow-full/submit/poseidon/pegasus/casa-wind-full/run0382/00/01/post_vel_ID0000128.meta,/mnt/poseidon-data/poseidon/workflows/casa-wind-workflow-full/submit/poseidon/pegasus/casa-wind-full/run0382/00/01/mvt_ID0000094.meta,/mnt/poseidon-data/poseidon/workflows/casa-wind-workflow-full/submit/poseidon/pegasus/casa-wind-full/run0382/00/01/mvt_ID0000069.meta,/mnt/poseidon-data/poseidon/workflows/casa-wind-workflow-full/submit/poseidon/pegasus/casa-wind-full/run0382/00/02/mvt_ID0000059.meta,/mnt/poseidon-data/poseidon/workflows/casa-wind-workflow-full/submit/poseidon/pegasus/casa-wind-full/run0382/00/01/mvt_ID0000124.meta,/mnt/poseidon-data/poseidon/workflows/casa-wind-workflow-full/submit/poseidon/pegasus/casa-wind-full/run0382/00/01/mvt_ID0000024.meta,/mnt/poseidon-data/poseidon/workflows/casa-wind-workflow-full/submit/poseidon/pegasus/casa-wind-full/run0382/00/02/mvt_ID0000079.meta --insert /mnt/poseidon-data/poseidon/workflows/casa-wind-workflow-full/submit/poseidon/pegasus/casa-wind-full/run0382/00/02/register_condorpool_2_1.in",2.7,0,0,,,,,,,,,
register_condorpool_2_2,None,auxiliary,0,1694462429.0,,,1694462439.0,,,0.0,1694462440.0,1694462444.0,,,0.0,1694462444.0,1694462449.0,10.0,,1.0,4.0,5.0,,,,,poseidon,local,poseidon-submit,pegasus::rc-client,/mnt/poseidon-data/poseidon/pegasus-5.1.0panorama/bin/pegasus-rc-client,"-n pegasus::rc-client -N null -R local  -L casa-wind-full -T 2023-09-08T07:29:05+00:00 /home/poseidon/pegasus-5.1.0panorama/bin/pegasus-rc-client --prefix pegasus.catalog.replica.output --conf /mnt/poseidon-data/poseidon/workflows/casa-wind-workflow-full/submit/poseidon/pegasus/casa-wind-full/run0382/pegasus.8675155493777076322.properties -v --meta /mnt/poseidon-data/poseidon/workflows/casa-wind-workflow-full/submit/poseidon/pegasus/casa-wind-full/run0382/00/02/post_vel_ID0000073.meta,/mnt/poseidon-data/poseidon/workflows/casa-wind-workflow-full/submit/poseidon/pegasus/casa-wind-full/run0382/00/02/mvt_ID0000039.meta,/mnt/poseidon-data/poseidon/workflows/casa-wind-workflow-full/submit/poseidon/pegasus/casa-wind-full/run0382/00/01/mvt_ID0000099.meta,/mnt/poseidon-data/poseidon/workflows/casa-wind-workflow-full/submit/poseidon/pegasus/casa-wind-full/run0382/00/01/post_vel_ID0000008.meta,/mnt/poseidon-data/poseidon/workflows/casa-wind-workflow-full/submit/poseidon/pegasus/casa-wind-full/run0382/00/02/mvt_ID0000049.meta,/mnt/poseidon-data/poseidon/workflows/casa-wind-workflow-full/submit/poseidon/pegasus/casa-wind-full/run0382/00/01/mvt_ID0000019.meta,/mnt/poseidon-data/poseidon/workflows/casa-wind-workflow-full/submit/poseidon/pegasus/casa-wind-full/run0382/00/02/mvt_ID0000104.meta,/mnt/poseidon-data/poseidon/workflows/casa-wind-workflow-full/submit/poseidon/pegasus/casa-wind-full/run0382/00/01/post_vel_ID0000083.meta,/mnt/poseidon-data/poseidon/workflows/casa-wind-workflow-full/submit/poseidon/pegasus/casa-wind-full/run0382/00/01/post_vel_ID0000088.meta --insert /mnt/poseidon-data/poseidon/workflows/casa-wind-workflow-full/submit/poseidon/pegasus/casa-wind-full/run0382/00/02/register_condorpool_2_2.in",2.7,0,0,,,,,,,,,
point_alert_ID0000010,None,compute,0,1694462429.0,,,1694462434.0,1694462437.0,1694462448.0,29626124.0,1694462435.0,1694462464.0,1694462453.0,1694462456.0,6675.0,1694462464.0,1694462469.0,5.0,,1.0,29.0,5.0,11.0,176643412.0,3.0,20478.0,poseidon,condorpool,poseidon-worker-1-container-32-35,point_alert,/opt/pointAlert/pointAlert,,0.0,0,0,,,,,,,,,
register_condorpool_2_5,None,auxiliary,0,1694462434.0,,,1694462459.0,,,0.0,1694462459.0,1694462464.0,,,0.0,1694462464.0,1694462469.0,25.0,,0.0,5.0,5.0,,,,,poseidon,local,poseidon-submit,pegasus::rc-client,/mnt/poseidon-data/poseidon/pegasus-5.1.0panorama/bin/pegasus-rc-client,"-n pegasus::rc-client -N null -R local  -L casa-wind-full -T 2023-09-08T07:29:05+00:00 /home/poseidon/pegasus-5.1.0panorama/bin/pegasus-rc-client --prefix pegasus.catalog.replica.output --conf /mnt/poseidon-data/poseidon/workflows/casa-wind-workflow-full/submit/poseidon/pegasus/casa-wind-full/run0382/pegasus.8675155493777076322.properties -v --meta /mnt/poseidon-data/poseidon/workflows/casa-wind-workflow-full/submit/poseidon/pegasus/casa-wind-full/run0382/00/01/mvt_ID0000004.meta,/mnt/poseidon-data/poseidon/workflows/casa-wind-workflow-full/submit/poseidon/pegasus/casa-wind-full/run0382/00/01/mvt_ID0000119.meta,/mnt/poseidon-data/poseidon/workflows/casa-wind-workflow-full/submit/poseidon/pegasus/casa-wind-full/run0382/00/02/post_vel_ID0000053.meta,/mnt/poseidon-data/poseidon/workflows/casa-wind-workflow-full/submit/poseidon/pegasus/casa-wind-full/run0382/00/02/mvt_ID0000114.meta,/mnt/poseidon-data/poseidon/workflows/casa-wind-workflow-full/submit/poseidon/pegasus/casa-wind-full/run0382/00/01/mvt_ID0000034.meta,/mnt/poseidon-data/poseidon/workflows/casa-wind-workflow-full/submit/poseidon/pegasus/casa-wind-full/run0382/00/01/mvt_ID0000014.meta,/mnt/poseidon-data/poseidon/workflows/casa-wind-workflow-full/submit/poseidon/pegasus/casa-wind-full/run0382/00/02/mvt_ID0000109.meta,/mnt/poseidon-data/poseidon/workflows/casa-wind-workflow-full/submit/poseidon/pegasus/casa-wind-full/run0382/00/01/mvt_ID0000064.meta --insert /mnt/poseidon-data/poseidon/workflows/casa-wind-workflow-full/submit/poseidon/pegasus/casa-wind-full/run0382/00/02/register_condorpool_2_5.in",2.7,0,0,,,,,,,,,
register_condorpool_2_3,None,auxiliary,0,1694462444.0,,,1694462499.0,,,0.0,1694462500.0,1694462504.0,,,0.0,1694462504.0,1694462509.0,55.0,,1.0,4.0,5.0,,,,,poseidon,local,poseidon-submit,pegasus::rc-client,/mnt/poseidon-data/poseidon/pegasus-5.1.0panorama/bin/pegasus-rc-client,"-n pegasus::rc-client -N null -R local  -L casa-wind-full -T 2023-09-08T07:29:05+00:00 /home/poseidon/pegasus-5.1.0panorama/bin/pegasus-rc-client --prefix pegasus.catalog.replica.output --conf /mnt/poseidon-data/poseidon/workflows/casa-wind-workflow-full/submit/poseidon/pegasus/casa-wind-full/run0382/pegasus.8675155493777076322.properties -v --meta /mnt/poseidon-data/poseidon/workflows/casa-wind-workflow-full/submit/poseidon/pegasus/casa-wind-full/run0382/00/01/mvt_ID0000084.meta,/mnt/poseidon-data/poseidon/workflows/casa-wind-workflow-full/submit/poseidon/pegasus/casa-wind-full/run0382/00/02/post_vel_ID0000103.meta,/mnt/poseidon-data/poseidon/workflows/casa-wind-workflow-full/submit/poseidon/pegasus/casa-wind-full/run0382/00/01/post_vel_ID0000098.meta,/mnt/poseidon-data/poseidon/workflows/casa-wind-workflow-full/submit/poseidon/pegasus/casa-wind-full/run0382/00/02/post_vel_ID0000048.meta,/mnt/poseidon-data/poseidon/workflows/casa-wind-workflow-full/submit/poseidon/pegasus/casa-wind-full/run0382/00/01/mvt_ID0000009.meta,/mnt/poseidon-data/poseidon/workflows/casa-wind-workflow-full/submit/poseidon/pegasus/casa-wind-full/run0382/00/01/post_vel_ID0000018.meta,/mnt/poseidon-data/poseidon/workflows/casa-wind-workflow-full/submit/poseidon/pegasus/casa-wind-full/run0382/00/01/mvt_ID0000089.meta,/mnt/poseidon-data/poseidon/workflows/casa-wind-workflow-full/submit/poseidon/pegasus/casa-wind-full/run0382/00/02/mvt_ID0000074.meta,/mnt/poseidon-data/poseidon/workflows/casa-wind-workflow-full/submit/poseidon/pegasus/casa-wind-full/run0382/00/02/post_vel_ID0000038.meta --insert /mnt/poseidon-data/poseidon/workflows/casa-wind-workflow-full/submit/poseidon/pegasus/casa-wind-full/run0382/00/02/register_condorpool_2_3.in",2.7,0,0,,,,,,,,,
stage_out_local_condorpool_3_0,None,transfer,0,1694462449.0,,,1694462454.0,,,0.0,1694462454.0,1694462459.0,,,0.0,1694462459.0,1694462464.0,5.0,,0.0,5.0,5.0,,,,,poseidon,local,poseidon-submit,pegasus::transfer,/mnt/poseidon-data/poseidon/pegasus-5.1.0panorama/bin/pegasus-transfer,/home/poseidon/pegasus-5.1.0panorama/bin/../bin/pegasus-kickstart  -n pegasus::transfer -N null -i - -R local  -L casa-wind-full -T 2023-09-08T07:29:05+00:00 /home/poseidon/pegasus-5.1.0panorama/bin/../bin/pegasus-transfer  --threads 2,0.9,0,0,,,,,,,,,
stage_out_local_condorpool_3_2,None,transfer,0,1694462459.0,,,1694462464.0,,,0.0,1694462465.0,1694462469.0,,,0.0,1694462469.0,1694462474.0,5.0,,1.0,4.0,5.0,,,,,poseidon,local,poseidon-submit,pegasus::transfer,/mnt/poseidon-data/poseidon/pegasus-5.1.0panorama/bin/pegasus-transfer,/home/poseidon/pegasus-5.1.0panorama/bin/../bin/pegasus-kickstart  -n pegasus::transfer -N null -i - -R local  -L casa-wind-full -T 2023-09-08T07:29:05+00:00 /home/poseidon/pegasus-5.1.0panorama/bin/../bin/pegasus-transfer  --threads 2,0.8,0,0,,,,,,,,,
register_condorpool_3_0,None,auxiliary,0,1694462464.0,,,1694462469.0,,,0.0,1694462470.0,1694462474.0,,,0.0,1694462474.0,1694462479.0,5.0,,1.0,4.0,5.0,,,,,poseidon,local,poseidon-submit,pegasus::rc-client,/mnt/poseidon-data/poseidon/pegasus-5.1.0panorama/bin/pegasus-rc-client,"-n pegasus::rc-client -N null -R local  -L casa-wind-full -T 2023-09-08T07:29:05+00:00 /home/poseidon/pegasus-5.1.0panorama/bin/pegasus-rc-client --prefix pegasus.catalog.replica.output --conf /mnt/poseidon-data/poseidon/workflows/casa-wind-workflow-full/submit/poseidon/pegasus/casa-wind-full/run0382/pegasus.8675155493777076322.properties -v --meta /mnt/poseidon-data/poseidon/workflows/casa-wind-workflow-full/submit/poseidon/pegasus/casa-wind-full/run0382/00/02/point_alert_ID0000125.meta,/mnt/poseidon-data/poseidon/workflows/casa-wind-workflow-full/submit/poseidon/pegasus/casa-wind-full/run0382/00/02/point_alert_ID0000095.meta,/mnt/poseidon-data/poseidon/workflows/casa-wind-workflow-full/submit/poseidon/pegasus/casa-wind-full/run0382/00/03/point_alert_ID0000060.meta,/mnt/poseidon-data/poseidon/workflows/casa-wind-workflow-full/submit/poseidon/pegasus/casa-wind-full/run0382/00/02/point_alert_ID0000030.meta,/mnt/poseidon-data/poseidon/workflows/casa-wind-workflow-full/submit/poseidon/pegasus/casa-wind-full/run0382/00/02/point_alert_ID0000025.meta,/mnt/poseidon-data/poseidon/workflows/casa-wind-workflow-full/submit/poseidon/pegasus/casa-wind-full/run0382/00/03/point_alert_ID0000045.meta,/mnt/poseidon-data/poseidon/workflows/casa-wind-workflow-full/submit/poseidon/pegasus/casa-wind-full/run0382/00/02/point_alert_ID0000130.meta,/mnt/poseidon-data/poseidon/workflows/casa-wind-workflow-full/submit/poseidon/pegasus/casa-wind-full/run0382/00/02/point_alert_ID0000070.meta,/mnt/poseidon-data/poseidon/workflows/casa-wind-workflow-full/submit/poseidon/pegasus/casa-wind-full/run0382/00/02/point_alert_ID0000080.meta --insert /mnt/poseidon-data/poseidon/workflows/casa-wind-workflow-full/submit/poseidon/pegasus/casa-wind-full/run0382/00/03/register_condorpool_3_0.in",2.7,0,0,,,,,,,,,
stage_out_local_condorpool_3_1,None,transfer,0,1694462469.0,,,1694462474.0,,,0.0,1694462474.0,1694462479.0,,,0.0,1694462479.0,1694462484.0,5.0,,0.0,5.0,5.0,,,,,poseidon,local,poseidon-submit,pegasus::transfer,/mnt/poseidon-data/poseidon/pegasus-5.1.0panorama/bin/pegasus-transfer,/home/poseidon/pegasus-5.1.0panorama/bin/../bin/pegasus-kickstart  -n pegasus::transfer -N null -i - -R local  -L casa-wind-full -T 2023-09-08T07:29:05+00:00 /home/poseidon/pegasus-5.1.0panorama/bin/../bin/pegasus-transfer  --threads 2,0.9,0,0,,,,,,,,,
register_condorpool_3_2,None,auxiliary,0,1694462474.0,,,1694462479.0,,,0.0,1694462479.0,1694462484.0,,,0.0,1694462484.0,1694462489.0,5.0,,0.0,5.0,5.0,,,,,poseidon,local,poseidon-submit,pegasus::rc-client,/mnt/poseidon-data/poseidon/pegasus-5.1.0panorama/bin/pegasus-rc-client,"-n pegasus::rc-client -N null -R local  -L casa-wind-full -T 2023-09-08T07:29:05+00:00 /home/poseidon/pegasus-5.1.0panorama/bin/pegasus-rc-client --prefix pegasus.catalog.replica.output --conf /mnt/poseidon-data/poseidon/workflows/casa-wind-workflow-full/submit/poseidon/pegasus/casa-wind-full/run0382/pegasus.8675155493777076322.properties -v --meta /mnt/poseidon-data/poseidon/workflows/casa-wind-workflow-full/submit/poseidon/pegasus/casa-wind-full/run0382/00/03/point_alert_ID0000110.meta,/mnt/poseidon-data/poseidon/workflows/casa-wind-workflow-full/submit/poseidon/pegasus/casa-wind-full/run0382/00/03/point_alert_ID0000055.meta,/mnt/poseidon-data/poseidon/workflows/casa-wind-workflow-full/submit/poseidon/pegasus/casa-wind-full/run0382/00/02/point_alert_ID0000115.meta,/mnt/poseidon-data/poseidon/workflows/casa-wind-workflow-full/submit/poseidon/pegasus/casa-wind-full/run0382/00/02/point_alert_ID0000120.meta,/mnt/poseidon-data/poseidon/workflows/casa-wind-workflow-full/submit/poseidon/pegasus/casa-wind-full/run0382/00/02/point_alert_ID0000035.meta,/mnt/poseidon-data/poseidon/workflows/casa-wind-workflow-full/submit/poseidon/pegasus/casa-wind-full/run0382/00/02/point_alert_ID0000015.meta,/mnt/poseidon-data/poseidon/workflows/casa-wind-workflow-full/submit/poseidon/pegasus/casa-wind-full/run0382/00/02/point_alert_ID0000065.meta,/mnt/poseidon-data/poseidon/workflows/casa-wind-workflow-full/submit/poseidon/pegasus/casa-wind-full/run0382/00/02/point_alert_ID0000005.meta --insert /mnt/poseidon-data/poseidon/workflows/casa-wind-workflow-full/submit/poseidon/pegasus/casa-wind-full/run0382/00/03/register_condorpool_3_2.in",2.8,0,0,,,,,,,,,
cleanup_casa-wind-full_0_condorpool,None,auxiliary,0,1694462484.0,,,1694462489.0,,,0.0,1694462490.0,1694462499.0,,,0.0,1694462499.0,1694462504.0,5.0,,1.0,9.0,5.0,,,,,poseidon,local,poseidon-submit,pegasus::cleanup,/mnt/poseidon-data/poseidon/pegasus-5.1.0panorama/bin/pegasus-transfer,pegasus-kickstart  -n pegasus::cleanup -N null -i - -R local  -L casa-wind-full -T 2023-09-08T07:29:05+00:00 pegasus-transfer,0.2,0,0,,,,,,,,,
register_condorpool_3_1,None,auxiliary,0,1694462484.0,,,1694462489.0,,,0.0,1694462490.0,1694462494.0,,,0.0,1694462494.0,1694462499.0,5.0,,1.0,4.0,5.0,,,,,poseidon,local,poseidon-submit,pegasus::rc-client,/mnt/poseidon-data/poseidon/pegasus-5.1.0panorama/bin/pegasus-rc-client,"-n pegasus::rc-client -N null -R local  -L casa-wind-full -T 2023-09-08T07:29:05+00:00 /home/poseidon/pegasus-5.1.0panorama/bin/pegasus-rc-client --prefix pegasus.catalog.replica.output --conf /mnt/poseidon-data/poseidon/workflows/casa-wind-workflow-full/submit/poseidon/pegasus/casa-wind-full/run0382/pegasus.8675155493777076322.properties -v --meta /mnt/poseidon-data/poseidon/workflows/casa-wind-workflow-full/submit/poseidon/pegasus/casa-wind-full/run0382/00/02/point_alert_ID0000010.meta,/mnt/poseidon-data/poseidon/workflows/casa-wind-workflow-full/submit/poseidon/pegasus/casa-wind-full/run0382/00/02/point_alert_ID0000090.meta,/mnt/poseidon-data/poseidon/workflows/casa-wind-workflow-full/submit/poseidon/pegasus/casa-wind-full/run0382/00/02/point_alert_ID0000085.meta,/mnt/poseidon-data/poseidon/workflows/casa-wind-workflow-full/submit/poseidon/pegasus/casa-wind-full/run0382/00/02/point_alert_ID0000075.meta,/mnt/poseidon-data/poseidon/workflows/casa-wind-workflow-full/submit/poseidon/pegasus/casa-wind-full/run0382/00/02/point_alert_ID0000100.meta,/mnt/poseidon-data/poseidon/workflows/casa-wind-workflow-full/submit/poseidon/pegasus/casa-wind-full/run0382/00/03/point_alert_ID0000040.meta,/mnt/poseidon-data/poseidon/workflows/casa-wind-workflow-full/submit/poseidon/pegasus/casa-wind-full/run0382/00/02/point_alert_ID0000020.meta,/mnt/poseidon-data/poseidon/workflows/casa-wind-workflow-full/submit/poseidon/pegasus/casa-wind-full/run0382/00/03/point_alert_ID0000050.meta,/mnt/poseidon-data/poseidon/workflows/casa-wind-workflow-full/submit/poseidon/pegasus/casa-wind-full/run0382/00/03/point_alert_ID0000105.meta --insert /mnt/poseidon-data/poseidon/workflows/casa-wind-workflow-full/submit/poseidon/pegasus/casa-wind-full/run0382/00/03/register_condorpool_3_1.in",2.6,0,0,,,,,,,,,
